{
	"info": {
		"_postman_id": "236abfe6-4ba9-4a16-b888-155618401983",
		"name": "FHIR_mini_emr",
		"schema": "https://schema.getpostman.com/json/collection/v2.1.0/collection.json",
		"_exporter_id": "16302484"
	},
	"item": [
		{
			"name": "Create Patients - Bundle",
			"request": {
				"method": "POST",
				"header": [],
				"body": {
					"mode": "raw",
					"raw": "{\r\n    \"resourceType\": \"Bundle\",\r\n    \"identifier\": {\r\n        \"value\": \"2eeaddcd-36cd-43cc-a946-4f53cad055fa\"\r\n    },\r\n    \"type\": \"transaction\",\r\n    \"entry\": [\r\n        {\r\n            \"resource\":{\"resourceType\":\"Patient\",\"identifier\":[{\"type\":{\"coding\":[{\"system\":\"http://terminology.hl7.org/CodeSystem/v2-0203\",\"code\":\"MR\"}]},\"system\":\"http://emr.testhospital.com/mrn\",\"value\":\"MRN-0002\"},{\"type\":{\"coding\":[{\"system\":\"http://terminology.hl7.org/CodeSystem/v2-0203\",\"code\":\"SS\"}]},\"value\":\"690-09-5367\"}],\"name\":[{\"prefix\":[\"Mr.\"],\"given\":[\"Charles\",\"J\"],\"family\":\"Doyon\",\"use\":\"usual\",\"text\":\"LXg0zshsD7-IGB2L56Qo8\"}],\"gender\":\"male\",\"birthDate\":\"1989-12-18\",\"address\":[{\"line\":[\"4799 Rockford Mountain Lane\"],\"city\":\"Durham\",\"state\":\"North Carolina\",\"postalCode\":\"27701\",\"country\":\"United States\"}],\"telecom\":[{\"system\":\"email\",\"value\":\"charlesjdoyon@cuvox.de\"},{\"system\":\"phone\",\"value\":\"919-956-4217\"}],\"extension\":[{\"url\":\"http://hl7.org/fhir/StructureDefinition/patient-mothersMaidenName\",\"valueString\":\"Coleman\"}]},\r\n            \"request\": {\"method\": \"POST\",\"url\": \"/Patient\"}\r\n        },\r\n        {\r\n            \"resource\":{\"resourceType\":\"Patient\",\"identifier\":[{\"type\":{\"coding\":[{\"system\":\"http://terminology.hl7.org/CodeSystem/v2-0203\",\"code\":\"MR\"}]},\"system\":\"http://emr.testhospital.com/mrn\",\"value\":\"MRN-0001\"},{\"type\":{\"coding\":[{\"system\":\"http://terminology.hl7.org/CodeSystem/v2-0203\",\"code\":\"SS\"}]},\"value\":\"558-08-2396\"}],\"name\":[{\"prefix\":[\"Mr.\"],\"given\":[\"Phillip\",\"S\"],\"family\":\"Shy\",\"use\":\"usual\",\"text\":\"LXg0zshsD7-IGB2L56Qo8\"}],\"gender\":\"male\",\"birthDate\":\"1985-12-18\",\"address\":[{\"line\":[\"489 Peck Court\"],\"city\":\"El Toro\",\"state\":\"California\",\"postalCode\":\"92630\",\"country\":\"United States\"}],\"telecom\":[{\"system\":\"email\",\"value\":\"phillipsshy@fleckens.hu\"},{\"system\":\"phone\",\"value\":\"949-455-2413\"}],\"extension\":[{\"url\":\"http://hl7.org/fhir/StructureDefinition/patient-mothersMaidenName\",\"valueString\":\"Werner\"}]},\r\n            \"request\": {\"method\": \"POST\",\"url\": \"/Patient\"}\r\n        },\r\n        {\r\n            \"resource\":{\"resourceType\":\"Patient\",\"identifier\":[{\"type\":{\"coding\":[{\"system\":\"http://terminology.hl7.org/CodeSystem/v2-0203\",\"code\":\"MR\"}]},\"system\":\"http://emr.testhospital.com/mrn\",\"value\":\"MRN-0003\"},{\"type\":{\"coding\":[{\"system\":\"http://terminology.hl7.org/CodeSystem/v2-0203\",\"code\":\"SS\"}]},\"value\":\"541-18-4288\"}],\"name\":[{\"prefix\":[\"Mrs.\"],\"given\":[\"Brenda\",\"J\"],\"family\":\"Campos\",\"use\":\"usual\",\"text\":\"LXg0zshsD7-IGB2L56Qo8\"}],\"gender\":\"female\",\"birthDate\":\"1944-09-22\",\"address\":[{\"line\":[\"1333 Seneca Drive\"],\"city\":\"Portland\",\"state\":\"Oregon\",\"postalCode\":\"97232\",\"country\":\"United States\"}],\"telecom\":[{\"system\":\"email\",\"value\":\"brendajcampos@gustr.com\"},{\"system\":\"phone\",\"value\":\"503-998-3593\"}],\"extension\":[{\"url\":\"http://hl7.org/fhir/StructureDefinition/patient-mothersMaidenName\",\"valueString\":\"Mahoney\"}]},\r\n            \"request\": {\"method\": \"POST\",\"url\": \"/Patient\"}\r\n        },\r\n        {\r\n            \"resource\":{\"resourceType\":\"Patient\",\"identifier\":[{\"type\":{\"coding\":[{\"system\":\"http://terminology.hl7.org/CodeSystem/v2-0203\",\"code\":\"MR\"}]},\"system\":\"http://emr.testhospital.com/mrn\",\"value\":\"MRN-0004\"},{\"type\":{\"coding\":[{\"system\":\"http://terminology.hl7.org/CodeSystem/v2-0203\",\"code\":\"SS\"}]},\"value\":\"648-36-7313\"}],\"name\":[{\"prefix\":[\"Ms.\"],\"given\":[\"Kelli\",\"A\"],\"family\":\"Guzman\",\"use\":\"usual\",\"text\":\"LXg0zshsD7-IGB2L56Qo8\"}],\"gender\":\"female\",\"birthDate\":\"1949-04-01\",\"address\":[{\"line\":[\"1935 Cooks Mine Road\"],\"city\":\"Albuquerque\",\"state\":\"New Mexico\",\"postalCode\":\"87102\",\"country\":\"United States\"}],\"telecom\":[{\"system\":\"email\",\"value\":\"kelliaguzman@cuvox.de\"},{\"system\":\"phone\",\"value\":\"505-724-1472\"}],\"extension\":[{\"url\":\"http://hl7.org/fhir/StructureDefinition/patient-mothersMaidenName\",\"valueString\":\"Campos\"}]},\r\n            \"request\": {\"method\": \"POST\",\"url\": \"/Patient\"}\r\n        },\r\n        {\r\n            \"resource\":{\"resourceType\":\"Patient\",\"identifier\":[{\"type\":{\"coding\":[{\"system\":\"http://terminology.hl7.org/CodeSystem/v2-0203\",\"code\":\"MR\"}]},\"system\":\"http://emr.testhospital.com/mrn\",\"value\":\"MRN-0005\"},{\"type\":{\"coding\":[{\"system\":\"http://terminology.hl7.org/CodeSystem/v2-0203\",\"code\":\"SS\"}]},\"value\":\"656-01-9246\"}],\"name\":[{\"prefix\":[\"Ms.\"],\"given\":[\"Heather\",\"S\"],\"family\":\"Peake\",\"use\":\"usual\",\"text\":\"LXg0zshsD7-IGB2L56Qo8\"}],\"gender\":\"female\",\"birthDate\":\"1990-12-29\",\"address\":[{\"line\":[\"3791 Java Lane\"],\"city\":\"Wagener\",\"state\":\"South Carolina\",\"postalCode\":\"29164\",\"country\":\"United States\"}],\"telecom\":[{\"system\":\"email\",\"value\":\"heatherspeake@superrito.com\"},{\"system\":\"phone\",\"value\":\"803-564-3629\"}],\"extension\":[{\"url\":\"http://hl7.org/fhir/StructureDefinition/patient-mothersMaidenName\",\"valueString\":\"Chase\"}]},\r\n            \"request\": {\"method\": \"POST\",\"url\": \"/Patient\"}\r\n        },\r\n        {\r\n            \"resource\":{\"resourceType\":\"Patient\",\"identifier\":[{\"type\":{\"coding\":[{\"system\":\"http://terminology.hl7.org/CodeSystem/v2-0203\",\"code\":\"MR\"}]},\"system\":\"http://emr.testhospital.com/mrn\",\"value\":\"MRN-0006\"},{\"type\":{\"coding\":[{\"system\":\"http://terminology.hl7.org/CodeSystem/v2-0203\",\"code\":\"SS\"}]},\"value\":\"317-14-3537\"}],\"name\":[{\"prefix\":[\"Ms.\"],\"given\":[\"Valerie\",\"R\"],\"family\":\"Day\",\"use\":\"usual\",\"text\":\"LXg0zshsD7-IGB2L56Qo8\"}],\"gender\":\"female\",\"birthDate\":\"1943-03-20\",\"address\":[{\"line\":[\"1626 Capitol Avenue\"],\"city\":\"Muncie\",\"state\":\"Indiana\",\"postalCode\":\"47303\",\"country\":\"United States\"}],\"telecom\":[{\"system\":\"email\",\"value\":\"valerierday@fleckens.hu\"},{\"system\":\"phone\",\"value\":\"765-545-2298\"}],\"extension\":[{\"url\":\"http://hl7.org/fhir/StructureDefinition/patient-mothersMaidenName\",\"valueString\":\"Bove\"}]},\r\n            \"request\": {\"method\": \"POST\",\"url\": \"/Patient\"}\r\n        },\r\n        {\r\n            \"resource\":{\"resourceType\":\"Patient\",\"identifier\":[{\"type\":{\"coding\":[{\"system\":\"http://terminology.hl7.org/CodeSystem/v2-0203\",\"code\":\"MR\"}]},\"system\":\"http://emr.testhospital.com/mrn\",\"value\":\"MRN-0007\"},{\"type\":{\"coding\":[{\"system\":\"http://terminology.hl7.org/CodeSystem/v2-0203\",\"code\":\"SS\"}]},\"value\":\"183-54-7986\"}],\"name\":[{\"prefix\":[\"Mrs.\"],\"given\":[\"Lynn\",\"D\"],\"family\":\"Burbach\",\"use\":\"usual\",\"text\":\"LXg0zshsD7-IGB2L56Qo8\"}],\"gender\":\"female\",\"birthDate\":\"2002-11-05\",\"address\":[{\"line\":[\"4059 Collins Street\"],\"city\":\"Johnstown\",\"state\":\"Pennsylvania\",\"postalCode\":\"15904\",\"country\":\"United States\"}],\"telecom\":[{\"system\":\"email\",\"value\":\"lynndburbach@jourrapide.com\"},{\"system\":\"phone\",\"value\":\"814-243-9772\"}],\"extension\":[{\"url\":\"http://hl7.org/fhir/StructureDefinition/patient-mothersMaidenName\",\"valueString\":\"Almanza\"}]},\r\n            \"request\": {\"method\": \"POST\",\"url\": \"/Patient\"}\r\n        },\r\n        {\r\n            \"resource\":{\"resourceType\":\"Patient\",\"identifier\":[{\"type\":{\"coding\":[{\"system\":\"http://terminology.hl7.org/CodeSystem/v2-0203\",\"code\":\"MR\"}]},\"system\":\"http://emr.testhospital.com/mrn\",\"value\":\"MRN-0008\"},{\"type\":{\"coding\":[{\"system\":\"http://terminology.hl7.org/CodeSystem/v2-0203\",\"code\":\"SS\"}]},\"value\":\"332-18-3856\"}],\"name\":[{\"prefix\":[\"Dr.\"],\"given\":[\"Stacey\",\"J\"],\"family\":\"Field\",\"use\":\"usual\",\"text\":\"LXg0zshsD7-IGB2L56Qo8\"}],\"gender\":\"male\",\"birthDate\":\"2002-07-27\",\"address\":[{\"line\":[\"2679 Steele Street\"],\"city\":\"Chicago\",\"state\":\"Illinois\",\"postalCode\":\"60607\",\"country\":\"United States\"}],\"telecom\":[{\"system\":\"email\",\"value\":\"staceyjfield@jourrapide.com\"},{\"system\":\"phone\",\"value\":\"630-636-6647\"}],\"extension\":[{\"url\":\"http://hl7.org/fhir/StructureDefinition/patient-mothersMaidenName\",\"valueString\":\"Thompson\"}]},\r\n            \"request\": {\"method\": \"POST\",\"url\": \"/Patient\"}\r\n        },\r\n        {\r\n            \"resource\":{\"resourceType\":\"Patient\",\"identifier\":[{\"type\":{\"coding\":[{\"system\":\"http://terminology.hl7.org/CodeSystem/v2-0203\",\"code\":\"MR\"}]},\"system\":\"http://emr.testhospital.com/mrn\",\"value\":\"MRN-0009\"},{\"type\":{\"coding\":[{\"system\":\"http://terminology.hl7.org/CodeSystem/v2-0203\",\"code\":\"SS\"}]},\"value\":\"265-17-0923\"}],\"name\":[{\"prefix\":[\"Mr.\"],\"given\":[\"Eugene\",\"L\"],\"family\":\"Smith\",\"use\":\"usual\",\"text\":\"LXg0zshsD7-IGB2L56Qo8\"}],\"gender\":\"male\",\"birthDate\":\"1958-09-20\",\"address\":[{\"line\":[\"2705 Railroad Street\"],\"city\":\"Jacksonville\",\"state\":\"Florida\",\"postalCode\":\"32256\",\"country\":\"United States\"}],\"telecom\":[{\"system\":\"email\",\"value\":\"eugenelsmith@fleckens.hu\"},{\"system\":\"phone\",\"value\":\"904-987-3946\"}],\"extension\":[{\"url\":\"http://hl7.org/fhir/StructureDefinition/patient-mothersMaidenName\",\"valueString\":\"Whitacre\"}]},\r\n            \"request\": {\"method\": \"POST\",\"url\": \"/Patient\"}\r\n        },\r\n        {\r\n            \"resource\":{\"resourceType\":\"Patient\",\"identifier\":[{\"type\":{\"coding\":[{\"system\":\"http://terminology.hl7.org/CodeSystem/v2-0203\",\"code\":\"MR\"}]},\"system\":\"http://emr.testhospital.com/mrn\",\"value\":\"MRN-0010\"},{\"type\":{\"coding\":[{\"system\":\"http://terminology.hl7.org/CodeSystem/v2-0203\",\"code\":\"SS\"}]},\"value\":\"617-64-4581\"}],\"name\":[{\"prefix\":[\"Mrs.\"],\"given\":[\"Ann\",\"D\"],\"family\":\"Johnson\",\"use\":\"usual\",\"text\":\"LXg0zshsD7-IGB2L56Qo8\"}],\"gender\":\"female\",\"birthDate\":\"1998-02-12\",\"address\":[{\"line\":[\"2879 Euclid Avenue\"],\"city\":\"City Of Commerce\",\"state\":\"California\",\"postalCode\":\"90040\",\"country\":\"United States\"}],\"telecom\":[{\"system\":\"email\",\"value\":\"anndjohnson@armyspy.com\"},{\"system\":\"phone\",\"value\":\"805-358-4561\"}],\"extension\":[{\"url\":\"http://hl7.org/fhir/StructureDefinition/patient-mothersMaidenName\",\"valueString\":\"Stevens\"}]},\r\n            \"request\": {\"method\": \"POST\",\"url\": \"/Patient\"}\r\n        },\r\n        {\r\n            \"resource\":{\"resourceType\":\"Patient\",\"identifier\":[{\"type\":{\"coding\":[{\"system\":\"http://terminology.hl7.org/CodeSystem/v2-0203\",\"code\":\"MR\"}]},\"system\":\"http://emr.testhospital.com/mrn\",\"value\":\"MRN-0011\"},{\"type\":{\"coding\":[{\"system\":\"http://terminology.hl7.org/CodeSystem/v2-0203\",\"code\":\"SS\"}]},\"value\":\"641-64-0557\"}],\"name\":[{\"prefix\":[\"Mr.\"],\"given\":[\"Stephen\",\"S\"],\"family\":\"Williams\",\"use\":\"usual\",\"text\":\"LXg0zshsD7-IGB2L56Qo8\"}],\"gender\":\"male\",\"birthDate\":\"1998-11-21\",\"address\":[{\"line\":[\"317 Birch  Street\"],\"city\":\"El Paso\",\"state\":\"Texas\",\"postalCode\":\"79905\",\"country\":\"United States\"}],\"telecom\":[{\"system\":\"email\",\"value\":\"stephenswilliams@cuvox.de\"},{\"system\":\"phone\",\"value\":\"915-779-3361\"}],\"extension\":[{\"url\":\"http://hl7.org/fhir/StructureDefinition/patient-mothersMaidenName\",\"valueString\":\"Bailey\"}]},\r\n            \"request\": {\"method\": \"POST\",\"url\": \"/Patient\"}\r\n        },\r\n        {\r\n            \"resource\":{\"resourceType\":\"Patient\",\"identifier\":[{\"type\":{\"coding\":[{\"system\":\"http://terminology.hl7.org/CodeSystem/v2-0203\",\"code\":\"MR\"}]},\"system\":\"http://emr.testhospital.com/mrn\",\"value\":\"MRN-0012\"},{\"type\":{\"coding\":[{\"system\":\"http://terminology.hl7.org/CodeSystem/v2-0203\",\"code\":\"SS\"}]},\"value\":\"574-46-5056\"}],\"name\":[{\"prefix\":[\"Mr.\"],\"given\":[\"Gary\",\"A\"],\"family\":\"Hurley\",\"use\":\"usual\",\"text\":\"LXg0zshsD7-IGB2L56Qo8\"}],\"gender\":\"male\",\"birthDate\":\"1963-04-03\",\"address\":[{\"line\":[\"2603 Veltri Drive\"],\"city\":\"Valdez\",\"state\":\"Alaska\",\"postalCode\":\"99686\",\"country\":\"United States\"}],\"telecom\":[{\"system\":\"email\",\"value\":\"garyahurley@teleworm.us\"},{\"system\":\"phone\",\"value\":\"907-255-6172\"}],\"extension\":[{\"url\":\"http://hl7.org/fhir/StructureDefinition/patient-mothersMaidenName\",\"valueString\":\"Fix\"}]},\r\n            \"request\": {\"method\": \"POST\",\"url\": \"/Patient\"}\r\n        },\r\n        {\r\n            \"resource\":{\"resourceType\":\"Patient\",\"identifier\":[{\"type\":{\"coding\":[{\"system\":\"http://terminology.hl7.org/CodeSystem/v2-0203\",\"code\":\"MR\"}]},\"system\":\"http://emr.testhospital.com/mrn\",\"value\":\"MRN-0013\"},{\"type\":{\"coding\":[{\"system\":\"http://terminology.hl7.org/CodeSystem/v2-0203\",\"code\":\"SS\"}]},\"value\":\"010-05-3565\"}],\"name\":[{\"prefix\":[\"Ms.\"],\"given\":[\"Ashley\",\"E\"],\"family\":\"Gregory\",\"use\":\"usual\",\"text\":\"LXg0zshsD7-IGB2L56Qo8\"}],\"gender\":\"female\",\"birthDate\":\"1942-04-14\",\"address\":[{\"line\":[\"330 Pearlman Avenue\"],\"city\":\"Boston\",\"state\":\"Massachusetts\",\"postalCode\":\"02110\",\"country\":\"United States\"}],\"telecom\":[{\"system\":\"email\",\"value\":\"ashleyegregory@cuvox.de\"},{\"system\":\"phone\",\"value\":\"978-268-5880\"}],\"extension\":[{\"url\":\"http://hl7.org/fhir/StructureDefinition/patient-mothersMaidenName\",\"valueString\":\"Crawford\"}]},\r\n            \"request\": {\"method\": \"POST\",\"url\": \"/Patient\"}\r\n        },\r\n        {\r\n            \"resource\":{\"resourceType\":\"Patient\",\"identifier\":[{\"type\":{\"coding\":[{\"system\":\"http://terminology.hl7.org/CodeSystem/v2-0203\",\"code\":\"MR\"}]},\"system\":\"http://emr.testhospital.com/mrn\",\"value\":\"MRN-0014\"},{\"type\":{\"coding\":[{\"system\":\"http://terminology.hl7.org/CodeSystem/v2-0203\",\"code\":\"SS\"}]},\"value\":\"320-06-6033\"}],\"name\":[{\"prefix\":[\"Ms.\"],\"given\":[\"Irene\",\"C\"],\"family\":\"Bradley\",\"use\":\"usual\",\"text\":\"LXg0zshsD7-IGB2L56Qo8\"}],\"gender\":\"female\",\"birthDate\":\"1995-01-01\",\"address\":[{\"line\":[\"1760 Braxton Street\"],\"city\":\"Mendota\",\"state\":\"Illinois\",\"postalCode\":\"61342\",\"country\":\"United States\"}],\"telecom\":[{\"system\":\"email\",\"value\":\"irenecbradley@jourrapide.com\"},{\"system\":\"phone\",\"value\":\"815-539-8983\"}],\"extension\":[{\"url\":\"http://hl7.org/fhir/StructureDefinition/patient-mothersMaidenName\",\"valueString\":\"Wilson\"}]},\r\n            \"request\": {\"method\": \"POST\",\"url\": \"/Patient\"}\r\n        },\r\n        {\r\n            \"resource\":{\"resourceType\":\"Patient\",\"identifier\":[{\"type\":{\"coding\":[{\"system\":\"http://terminology.hl7.org/CodeSystem/v2-0203\",\"code\":\"MR\"}]},\"system\":\"http://emr.testhospital.com/mrn\",\"value\":\"MRN-0015\"},{\"type\":{\"coding\":[{\"system\":\"http://terminology.hl7.org/CodeSystem/v2-0203\",\"code\":\"SS\"}]},\"value\":\"547-98-8444\"}],\"name\":[{\"prefix\":[\"Mr.\"],\"given\":[\"Lester\",\"B\"],\"family\":\"Bissonnette\",\"use\":\"usual\",\"text\":\"LXg0zshsD7-IGB2L56Qo8\"}],\"gender\":\"male\",\"birthDate\":\"1940-08-28\",\"address\":[{\"line\":[\"4622 Harrison Street\"],\"city\":\"San Francisco\",\"state\":\"California\",\"postalCode\":\"94103\",\"country\":\"United States\"}],\"telecom\":[{\"system\":\"email\",\"value\":\"lesterbbissonnette@cuvox.de\"},{\"system\":\"phone\",\"value\":\"415-551-7720\"}],\"extension\":[{\"url\":\"http://hl7.org/fhir/StructureDefinition/patient-mothersMaidenName\",\"valueString\":\"Ellis\"}]},\r\n            \"request\": {\"method\": \"POST\",\"url\": \"/Patient\"}\r\n        },\r\n        {\r\n            \"resource\":{\"resourceType\":\"Patient\",\"identifier\":[{\"type\":{\"coding\":[{\"system\":\"http://terminology.hl7.org/CodeSystem/v2-0203\",\"code\":\"MR\"}]},\"system\":\"http://emr.testhospital.com/mrn\",\"value\":\"MRN-0016\"},{\"type\":{\"coding\":[{\"system\":\"http://terminology.hl7.org/CodeSystem/v2-0203\",\"code\":\"SS\"}]},\"value\":\"231-56-3795\"}],\"name\":[{\"prefix\":[\"Mr.\"],\"given\":[\"Robert\",\"K\"],\"family\":\"Haney\",\"use\":\"usual\",\"text\":\"LXg0zshsD7-IGB2L56Qo8\"}],\"gender\":\"male\",\"birthDate\":\"1997-09-17\",\"address\":[{\"line\":[\"3077 Murry Street\"],\"city\":\"Chesapeake\",\"state\":\"Virginia\",\"postalCode\":\"23322\",\"country\":\"United States\"}],\"telecom\":[{\"system\":\"email\",\"value\":\"robertkhaney@rhyta.com\"},{\"system\":\"phone\",\"value\":\"757-432-8904\"}],\"extension\":[{\"url\":\"http://hl7.org/fhir/StructureDefinition/patient-mothersMaidenName\",\"valueString\":\"Smith\"}]},\r\n            \"request\": {\"method\": \"POST\",\"url\": \"/Patient\"}\r\n        },\r\n        {\r\n            \"resource\":{\"resourceType\":\"Patient\",\"identifier\":[{\"type\":{\"coding\":[{\"system\":\"http://terminology.hl7.org/CodeSystem/v2-0203\",\"code\":\"MR\"}]},\"system\":\"http://emr.testhospital.com/mrn\",\"value\":\"MRN-0017\"},{\"type\":{\"coding\":[{\"system\":\"http://terminology.hl7.org/CodeSystem/v2-0203\",\"code\":\"SS\"}]},\"value\":\"617-36-1580\"}],\"name\":[{\"prefix\":[\"Ms.\"],\"given\":[\"Dorothy\",\"E\"],\"family\":\"Arrowood\",\"use\":\"usual\",\"text\":\"LXg0zshsD7-IGB2L56Qo8\"}],\"gender\":\"female\",\"birthDate\":\"1994-09-21\",\"address\":[{\"line\":[\"4848 Station Street\"],\"city\":\"San Francisco\",\"state\":\"California\",\"postalCode\":\"94103\",\"country\":\"United States\"}],\"telecom\":[{\"system\":\"email\",\"value\":\"dorothyearrowood@teleworm.us\"},{\"system\":\"phone\",\"value\":\"510-903-7442\"}],\"extension\":[{\"url\":\"http://hl7.org/fhir/StructureDefinition/patient-mothersMaidenName\",\"valueString\":\"Ramos\"}]},\r\n            \"request\": {\"method\": \"POST\",\"url\": \"/Patient\"}\r\n        },\r\n        {\r\n            \"resource\":{\"resourceType\":\"Patient\",\"identifier\":[{\"type\":{\"coding\":[{\"system\":\"http://terminology.hl7.org/CodeSystem/v2-0203\",\"code\":\"MR\"}]},\"system\":\"http://emr.testhospital.com/mrn\",\"value\":\"MRN-0018\"},{\"type\":{\"coding\":[{\"system\":\"http://terminology.hl7.org/CodeSystem/v2-0203\",\"code\":\"SS\"}]},\"value\":\"539-15-6753\"}],\"name\":[{\"prefix\":[\"Mrs.\"],\"given\":[\"Norma\",\"G\"],\"family\":\"Garza\",\"use\":\"usual\",\"text\":\"LXg0zshsD7-IGB2L56Qo8\"}],\"gender\":\"female\",\"birthDate\":\"1964-06-17\",\"address\":[{\"line\":[\"298 Main Street\"],\"city\":\"Seattle\",\"state\":\"Washington\",\"postalCode\":\"98109\",\"country\":\"United States\"}],\"telecom\":[{\"system\":\"email\",\"value\":\"normaggarza@gustr.com\"},{\"system\":\"phone\",\"value\":\"425-691-2012\"}],\"extension\":[{\"url\":\"http://hl7.org/fhir/StructureDefinition/patient-mothersMaidenName\",\"valueString\":\"Parker\"}]},\r\n            \"request\": {\"method\": \"POST\",\"url\": \"/Patient\"}\r\n        },\r\n        {\r\n            \"resource\":{\"resourceType\":\"Patient\",\"identifier\":[{\"type\":{\"coding\":[{\"system\":\"http://terminology.hl7.org/CodeSystem/v2-0203\",\"code\":\"MR\"}]},\"system\":\"http://emr.testhospital.com/mrn\",\"value\":\"MRN-0019\"},{\"type\":{\"coding\":[{\"system\":\"http://terminology.hl7.org/CodeSystem/v2-0203\",\"code\":\"SS\"}]},\"value\":\"628-24-7261\"}],\"name\":[{\"prefix\":[\"Mrs.\"],\"given\":[\"Amy\",\"C\"],\"family\":\"Hernandez\",\"use\":\"usual\",\"text\":\"LXg0zshsD7-IGB2L56Qo8\"}],\"gender\":\"female\",\"birthDate\":\"2005-03-15\",\"address\":[{\"line\":[\"217 Payne Street\"],\"city\":\"Tomball\",\"state\":\"Texas\",\"postalCode\":\"77337\",\"country\":\"United States\"}],\"telecom\":[{\"system\":\"email\",\"value\":\"amychernandez@dayrep.com\"},{\"system\":\"phone\",\"value\":\"281-251-0866\"}],\"extension\":[{\"url\":\"http://hl7.org/fhir/StructureDefinition/patient-mothersMaidenName\",\"valueString\":\"Hagy\"}]},\r\n            \"request\": {\"method\": \"POST\",\"url\": \"/Patient\"}\r\n        },\r\n        {\r\n            \"resource\":{\"resourceType\":\"Patient\",\"identifier\":[{\"type\":{\"coding\":[{\"system\":\"http://terminology.hl7.org/CodeSystem/v2-0203\",\"code\":\"MR\"}]},\"system\":\"http://emr.testhospital.com/mrn\",\"value\":\"MRN-0020\"},{\"type\":{\"coding\":[{\"system\":\"http://terminology.hl7.org/CodeSystem/v2-0203\",\"code\":\"SS\"}]},\"value\":\"695-01-1279\"}],\"name\":[{\"prefix\":[\"Mr.\"],\"given\":[\"Anthony\",\"S\"],\"family\":\"Weatherly\",\"use\":\"usual\",\"text\":\"LXg0zshsD7-IGB2L56Qo8\"}],\"gender\":\"male\",\"birthDate\":\"1975-07-21\",\"address\":[{\"line\":[\"3381 Cabell Avenue\"],\"city\":\"Alexandria\",\"state\":\"Virginia\",\"postalCode\":\"22370\",\"country\":\"United States\"}],\"telecom\":[{\"system\":\"email\",\"value\":\"anthonysweatherly@fleckens.hu\"},{\"system\":\"phone\",\"value\":\"703-619-8474\"}],\"extension\":[{\"url\":\"http://hl7.org/fhir/StructureDefinition/patient-mothersMaidenName\",\"valueString\":\"Dunlap\"}]},\r\n            \"request\": {\"method\": \"POST\",\"url\": \"/Patient\"}\r\n        },\r\n        {\r\n            \"resource\":{\"resourceType\":\"Patient\",\"identifier\":[{\"type\":{\"coding\":[{\"system\":\"http://terminology.hl7.org/CodeSystem/v2-0203\",\"code\":\"MR\"}]},\"system\":\"http://emr.testhospital.com/mrn\",\"value\":\"MRN-0021\"},{\"type\":{\"coding\":[{\"system\":\"http://terminology.hl7.org/CodeSystem/v2-0203\",\"code\":\"SS\"}]},\"value\":\"634-02-2475\"}],\"name\":[{\"prefix\":[\"Mr.\"],\"given\":[\"Donald\",\"J\"],\"family\":\"Tabron\",\"use\":\"usual\",\"text\":\"LXg0zshsD7-IGB2L56Qo8\"}],\"gender\":\"male\",\"birthDate\":\"1983-03-01\",\"address\":[{\"line\":[\"4620 Carolyns Circle\"],\"city\":\"Plano\",\"state\":\"Texas\",\"postalCode\":\"75074\",\"country\":\"United States\"}],\"telecom\":[{\"system\":\"email\",\"value\":\"donaldjtabron@fleckens.hu\"},{\"system\":\"phone\",\"value\":\"214-737-2491\"}],\"extension\":[{\"url\":\"http://hl7.org/fhir/StructureDefinition/patient-mothersMaidenName\",\"valueString\":\"Gamache\"}]},\r\n            \"request\": {\"method\": \"POST\",\"url\": \"/Patient\"}\r\n        },\r\n        {\r\n            \"resource\":{\"resourceType\":\"Patient\",\"identifier\":[{\"type\":{\"coding\":[{\"system\":\"http://terminology.hl7.org/CodeSystem/v2-0203\",\"code\":\"MR\"}]},\"system\":\"http://emr.testhospital.com/mrn\",\"value\":\"MRN-0022\"},{\"type\":{\"coding\":[{\"system\":\"http://terminology.hl7.org/CodeSystem/v2-0203\",\"code\":\"SS\"}]},\"value\":\"502-01-9877\"}],\"name\":[{\"prefix\":[\"Dr.\"],\"given\":[\"Carl\",\"P\"],\"family\":\"Ojeda\",\"use\":\"usual\",\"text\":\"LXg0zshsD7-IGB2L56Qo8\"}],\"gender\":\"male\",\"birthDate\":\"1980-05-01\",\"address\":[{\"line\":[\"2209 Catherine Drive\"],\"city\":\"Grand Forks\",\"state\":\"North Dakota\",\"postalCode\":\"58203\",\"country\":\"United States\"}],\"telecom\":[{\"system\":\"email\",\"value\":\"carlpojeda@jourrapide.com\"},{\"system\":\"phone\",\"value\":\"701-314-4339\"}],\"extension\":[{\"url\":\"http://hl7.org/fhir/StructureDefinition/patient-mothersMaidenName\",\"valueString\":\"Randell\"}]},\r\n            \"request\": {\"method\": \"POST\",\"url\": \"/Patient\"}\r\n        },\r\n        {\r\n            \"resource\":{\"resourceType\":\"Patient\",\"identifier\":[{\"type\":{\"coding\":[{\"system\":\"http://terminology.hl7.org/CodeSystem/v2-0203\",\"code\":\"MR\"}]},\"system\":\"http://emr.testhospital.com/mrn\",\"value\":\"MRN-0023\"},{\"type\":{\"coding\":[{\"system\":\"http://terminology.hl7.org/CodeSystem/v2-0203\",\"code\":\"SS\"}]},\"value\":\"574-76-5328\"}],\"name\":[{\"prefix\":[\"Mr.\"],\"given\":[\"James\",\"C\"],\"family\":\"Davidson\",\"use\":\"usual\",\"text\":\"LXg0zshsD7-IGB2L56Qo8\"}],\"gender\":\"male\",\"birthDate\":\"1950-09-05\",\"address\":[{\"line\":[\"1119 Timbercrest Road\"],\"city\":\"Anchorage\",\"state\":\"Alaska\",\"postalCode\":\"99503\",\"country\":\"United States\"}],\"telecom\":[{\"system\":\"email\",\"value\":\"jamescdavidson@rhyta.com\"},{\"system\":\"phone\",\"value\":\"907-632-7491\"}],\"extension\":[{\"url\":\"http://hl7.org/fhir/StructureDefinition/patient-mothersMaidenName\",\"valueString\":\"Jones\"}]},\r\n            \"request\": {\"method\": \"POST\",\"url\": \"/Patient\"}\r\n        },\r\n        {\r\n            \"resource\":{\"resourceType\":\"Patient\",\"identifier\":[{\"type\":{\"coding\":[{\"system\":\"http://terminology.hl7.org/CodeSystem/v2-0203\",\"code\":\"MR\"}]},\"system\":\"http://emr.testhospital.com/mrn\",\"value\":\"MRN-0024\"},{\"type\":{\"coding\":[{\"system\":\"http://terminology.hl7.org/CodeSystem/v2-0203\",\"code\":\"SS\"}]},\"value\":\"541-65-4014\"}],\"name\":[{\"prefix\":[\"Mr.\"],\"given\":[\"James\",\"A\"],\"family\":\"Parsley\",\"use\":\"usual\",\"text\":\"LXg0zshsD7-IGB2L56Qo8\"}],\"gender\":\"male\",\"birthDate\":\"1978-11-27\",\"address\":[{\"line\":[\"3463 Illinois Avenue\"],\"city\":\"Portland\",\"state\":\"Oregon\",\"postalCode\":\"97204\",\"country\":\"United States\"}],\"telecom\":[{\"system\":\"email\",\"value\":\"jamesaparsley@teleworm.us\"},{\"system\":\"phone\",\"value\":\"503-734-3450\"}],\"extension\":[{\"url\":\"http://hl7.org/fhir/StructureDefinition/patient-mothersMaidenName\",\"valueString\":\"Gobeil\"}]},\r\n            \"request\": {\"method\": \"POST\",\"url\": \"/Patient\"}\r\n        },\r\n        {\r\n            \"resource\":{\"resourceType\":\"Patient\",\"identifier\":[{\"type\":{\"coding\":[{\"system\":\"http://terminology.hl7.org/CodeSystem/v2-0203\",\"code\":\"MR\"}]},\"system\":\"http://emr.testhospital.com/mrn\",\"value\":\"MRN-0025\"},{\"type\":{\"coding\":[{\"system\":\"http://terminology.hl7.org/CodeSystem/v2-0203\",\"code\":\"SS\"}]},\"value\":\"531-24-9756\"}],\"name\":[{\"prefix\":[\"Mr.\"],\"given\":[\"Patrick\",\"R\"],\"family\":\"Munoz\",\"use\":\"usual\",\"text\":\"LXg0zshsD7-IGB2L56Qo8\"}],\"gender\":\"male\",\"birthDate\":\"1992-12-23\",\"address\":[{\"line\":[\"4139 Sun Valley Road\"],\"city\":\"Sunnyside\",\"state\":\"Washington\",\"postalCode\":\"98944\",\"country\":\"United States\"}],\"telecom\":[{\"system\":\"email\",\"value\":\"patrickrmunoz@superrito.com\"},{\"system\":\"phone\",\"value\":\"509-831-2678\"}],\"extension\":[{\"url\":\"http://hl7.org/fhir/StructureDefinition/patient-mothersMaidenName\",\"valueString\":\"East\"}]},\r\n            \"request\": {\"method\": \"POST\",\"url\": \"/Patient\"}\r\n        },\r\n        {\r\n            \"resource\":{\"resourceType\":\"Patient\",\"identifier\":[{\"type\":{\"coding\":[{\"system\":\"http://terminology.hl7.org/CodeSystem/v2-0203\",\"code\":\"MR\"}]},\"system\":\"http://emr.testhospital.com/mrn\",\"value\":\"MRN-0026\"},{\"type\":{\"coding\":[{\"system\":\"http://terminology.hl7.org/CodeSystem/v2-0203\",\"code\":\"SS\"}]},\"value\":\"153-34-7307\"}],\"name\":[{\"prefix\":[\"Mr.\"],\"given\":[\"Richard\",\"K\"],\"family\":\"Tanner\",\"use\":\"usual\",\"text\":\"LXg0zshsD7-IGB2L56Qo8\"}],\"gender\":\"male\",\"birthDate\":\"1981-12-20\",\"address\":[{\"line\":[\"3903 Hilltop Haven Drive\"],\"city\":\"Lyndhurst\",\"state\":\"New Jersey\",\"postalCode\":\"07071\",\"country\":\"United States\"}],\"telecom\":[{\"system\":\"email\",\"value\":\"richardktanner@rhyta.com\"},{\"system\":\"phone\",\"value\":\"973-880-6079\"}],\"extension\":[{\"url\":\"http://hl7.org/fhir/StructureDefinition/patient-mothersMaidenName\",\"valueString\":\"Lemelle\"}]},\r\n            \"request\": {\"method\": \"POST\",\"url\": \"/Patient\"}\r\n        },\r\n        {\r\n            \"resource\":{\"resourceType\":\"Patient\",\"identifier\":[{\"type\":{\"coding\":[{\"system\":\"http://terminology.hl7.org/CodeSystem/v2-0203\",\"code\":\"MR\"}]},\"system\":\"http://emr.testhospital.com/mrn\",\"value\":\"MRN-0027\"},{\"type\":{\"coding\":[{\"system\":\"http://terminology.hl7.org/CodeSystem/v2-0203\",\"code\":\"SS\"}]},\"value\":\"215-53-3935\"}],\"name\":[{\"prefix\":[\"Mrs.\"],\"given\":[\"Tamara\",\"B\"],\"family\":\"Clayton\",\"use\":\"usual\",\"text\":\"LXg0zshsD7-IGB2L56Qo8\"}],\"gender\":\"female\",\"birthDate\":\"2003-03-04\",\"address\":[{\"line\":[\"4182 Marie Street\"],\"city\":\"Baltimore\",\"state\":\"Maryland\",\"postalCode\":\"21202\",\"country\":\"United States\"}],\"telecom\":[{\"system\":\"email\",\"value\":\"tamarabclayton@dayrep.com\"},{\"system\":\"phone\",\"value\":\"410-904-9533\"}],\"extension\":[{\"url\":\"http://hl7.org/fhir/StructureDefinition/patient-mothersMaidenName\",\"valueString\":\"Lee\"}]},\r\n            \"request\": {\"method\": \"POST\",\"url\": \"/Patient\"}\r\n        }\r\n    ]\r\n}",
					"options": {
						"raw": {
							"language": "json"
						}
					}
				},
				"url": {
					"raw": "{{base_url}}/",
					"host": [
						"{{base_url}}"
					],
					"path": [
						""
					]
				}
			},
			"response": [
				{
					"name": "[S] 200 OK - Patients Created",
					"originalRequest": {
						"method": "POST",
						"header": [],
						"body": {
							"mode": "raw",
							"raw": "{\r\n    \"resourceType\": \"Bundle\",\r\n    \"identifier\": {\r\n        \"value\": \"2eeaddcd-36cd-43cc-a946-4f53cad055fa\"\r\n    },\r\n    \"type\": \"transaction\",\r\n    \"entry\": [\r\n        {\r\n            \"resource\":{\"resourceType\":\"Patient\",\"identifier\":[{\"type\":{\"coding\":[{\"system\":\"http://terminology.hl7.org/CodeSystem/v2-0203\",\"code\":\"MR\"}]},\"system\":\"http://emr.testhospital.com/mrn\",\"value\":\"MRN-0002\"},{\"type\":{\"coding\":[{\"system\":\"http://terminology.hl7.org/CodeSystem/v2-0203\",\"code\":\"SS\"}]},\"value\":\"690-09-5367\"}],\"name\":[{\"prefix\":[\"Mr.\"],\"given\":[\"Charles\",\"J\"],\"family\":\"Doyon\",\"use\":\"usual\",\"text\":\"LXg0zshsD7-IGB2L56Qo8\"}],\"gender\":\"male\",\"birthDate\":\"1989-12-18\",\"address\":[{\"line\":[\"4799 Rockford Mountain Lane\"],\"city\":\"Durham\",\"state\":\"North Carolina\",\"postalCode\":\"27701\",\"country\":\"United States\"}],\"telecom\":[{\"system\":\"email\",\"value\":\"charlesjdoyon@cuvox.de\"},{\"system\":\"phone\",\"value\":\"919-956-4217\"}],\"extension\":[{\"url\":\"http://hl7.org/fhir/StructureDefinition/patient-mothersMaidenName\",\"valueString\":\"Coleman\"}]},\r\n            \"request\": {\"method\": \"POST\",\"url\": \"/Patient\"}\r\n        },\r\n        {\r\n            \"resource\":{\"resourceType\":\"Patient\",\"identifier\":[{\"type\":{\"coding\":[{\"system\":\"http://terminology.hl7.org/CodeSystem/v2-0203\",\"code\":\"MR\"}]},\"system\":\"http://emr.testhospital.com/mrn\",\"value\":\"MRN-0001\"},{\"type\":{\"coding\":[{\"system\":\"http://terminology.hl7.org/CodeSystem/v2-0203\",\"code\":\"SS\"}]},\"value\":\"558-08-2396\"}],\"name\":[{\"prefix\":[\"Mr.\"],\"given\":[\"Phillip\",\"S\"],\"family\":\"Shy\",\"use\":\"usual\",\"text\":\"LXg0zshsD7-IGB2L56Qo8\"}],\"gender\":\"male\",\"birthDate\":\"1985-12-18\",\"address\":[{\"line\":[\"489 Peck Court\"],\"city\":\"El Toro\",\"state\":\"California\",\"postalCode\":\"92630\",\"country\":\"United States\"}],\"telecom\":[{\"system\":\"email\",\"value\":\"phillipsshy@fleckens.hu\"},{\"system\":\"phone\",\"value\":\"949-455-2413\"}],\"extension\":[{\"url\":\"http://hl7.org/fhir/StructureDefinition/patient-mothersMaidenName\",\"valueString\":\"Werner\"}]},\r\n            \"request\": {\"method\": \"POST\",\"url\": \"/Patient\"}\r\n        },\r\n        {\r\n            \"resource\":{\"resourceType\":\"Patient\",\"identifier\":[{\"type\":{\"coding\":[{\"system\":\"http://terminology.hl7.org/CodeSystem/v2-0203\",\"code\":\"MR\"}]},\"system\":\"http://emr.testhospital.com/mrn\",\"value\":\"MRN-0003\"},{\"type\":{\"coding\":[{\"system\":\"http://terminology.hl7.org/CodeSystem/v2-0203\",\"code\":\"SS\"}]},\"value\":\"541-18-4288\"}],\"name\":[{\"prefix\":[\"Mrs.\"],\"given\":[\"Brenda\",\"J\"],\"family\":\"Campos\",\"use\":\"usual\",\"text\":\"LXg0zshsD7-IGB2L56Qo8\"}],\"gender\":\"female\",\"birthDate\":\"1944-09-22\",\"address\":[{\"line\":[\"1333 Seneca Drive\"],\"city\":\"Portland\",\"state\":\"Oregon\",\"postalCode\":\"97232\",\"country\":\"United States\"}],\"telecom\":[{\"system\":\"email\",\"value\":\"brendajcampos@gustr.com\"},{\"system\":\"phone\",\"value\":\"503-998-3593\"}],\"extension\":[{\"url\":\"http://hl7.org/fhir/StructureDefinition/patient-mothersMaidenName\",\"valueString\":\"Mahoney\"}]},\r\n            \"request\": {\"method\": \"POST\",\"url\": \"/Patient\"}\r\n        },\r\n        {\r\n            \"resource\":{\"resourceType\":\"Patient\",\"identifier\":[{\"type\":{\"coding\":[{\"system\":\"http://terminology.hl7.org/CodeSystem/v2-0203\",\"code\":\"MR\"}]},\"system\":\"http://emr.testhospital.com/mrn\",\"value\":\"MRN-0004\"},{\"type\":{\"coding\":[{\"system\":\"http://terminology.hl7.org/CodeSystem/v2-0203\",\"code\":\"SS\"}]},\"value\":\"648-36-7313\"}],\"name\":[{\"prefix\":[\"Ms.\"],\"given\":[\"Kelli\",\"A\"],\"family\":\"Guzman\",\"use\":\"usual\",\"text\":\"LXg0zshsD7-IGB2L56Qo8\"}],\"gender\":\"female\",\"birthDate\":\"1949-04-01\",\"address\":[{\"line\":[\"1935 Cooks Mine Road\"],\"city\":\"Albuquerque\",\"state\":\"New Mexico\",\"postalCode\":\"87102\",\"country\":\"United States\"}],\"telecom\":[{\"system\":\"email\",\"value\":\"kelliaguzman@cuvox.de\"},{\"system\":\"phone\",\"value\":\"505-724-1472\"}],\"extension\":[{\"url\":\"http://hl7.org/fhir/StructureDefinition/patient-mothersMaidenName\",\"valueString\":\"Campos\"}]},\r\n            \"request\": {\"method\": \"POST\",\"url\": \"/Patient\"}\r\n        },\r\n        {\r\n            \"resource\":{\"resourceType\":\"Patient\",\"identifier\":[{\"type\":{\"coding\":[{\"system\":\"http://terminology.hl7.org/CodeSystem/v2-0203\",\"code\":\"MR\"}]},\"system\":\"http://emr.testhospital.com/mrn\",\"value\":\"MRN-0005\"},{\"type\":{\"coding\":[{\"system\":\"http://terminology.hl7.org/CodeSystem/v2-0203\",\"code\":\"SS\"}]},\"value\":\"656-01-9246\"}],\"name\":[{\"prefix\":[\"Ms.\"],\"given\":[\"Heather\",\"S\"],\"family\":\"Peake\",\"use\":\"usual\",\"text\":\"LXg0zshsD7-IGB2L56Qo8\"}],\"gender\":\"female\",\"birthDate\":\"1990-12-29\",\"address\":[{\"line\":[\"3791 Java Lane\"],\"city\":\"Wagener\",\"state\":\"South Carolina\",\"postalCode\":\"29164\",\"country\":\"United States\"}],\"telecom\":[{\"system\":\"email\",\"value\":\"heatherspeake@superrito.com\"},{\"system\":\"phone\",\"value\":\"803-564-3629\"}],\"extension\":[{\"url\":\"http://hl7.org/fhir/StructureDefinition/patient-mothersMaidenName\",\"valueString\":\"Chase\"}]},\r\n            \"request\": {\"method\": \"POST\",\"url\": \"/Patient\"}\r\n        },\r\n        {\r\n            \"resource\":{\"resourceType\":\"Patient\",\"identifier\":[{\"type\":{\"coding\":[{\"system\":\"http://terminology.hl7.org/CodeSystem/v2-0203\",\"code\":\"MR\"}]},\"system\":\"http://emr.testhospital.com/mrn\",\"value\":\"MRN-0006\"},{\"type\":{\"coding\":[{\"system\":\"http://terminology.hl7.org/CodeSystem/v2-0203\",\"code\":\"SS\"}]},\"value\":\"317-14-3537\"}],\"name\":[{\"prefix\":[\"Ms.\"],\"given\":[\"Valerie\",\"R\"],\"family\":\"Day\",\"use\":\"usual\",\"text\":\"LXg0zshsD7-IGB2L56Qo8\"}],\"gender\":\"female\",\"birthDate\":\"1943-03-20\",\"address\":[{\"line\":[\"1626 Capitol Avenue\"],\"city\":\"Muncie\",\"state\":\"Indiana\",\"postalCode\":\"47303\",\"country\":\"United States\"}],\"telecom\":[{\"system\":\"email\",\"value\":\"valerierday@fleckens.hu\"},{\"system\":\"phone\",\"value\":\"765-545-2298\"}],\"extension\":[{\"url\":\"http://hl7.org/fhir/StructureDefinition/patient-mothersMaidenName\",\"valueString\":\"Bove\"}]},\r\n            \"request\": {\"method\": \"POST\",\"url\": \"/Patient\"}\r\n        },\r\n        {\r\n            \"resource\":{\"resourceType\":\"Patient\",\"identifier\":[{\"type\":{\"coding\":[{\"system\":\"http://terminology.hl7.org/CodeSystem/v2-0203\",\"code\":\"MR\"}]},\"system\":\"http://emr.testhospital.com/mrn\",\"value\":\"MRN-0007\"},{\"type\":{\"coding\":[{\"system\":\"http://terminology.hl7.org/CodeSystem/v2-0203\",\"code\":\"SS\"}]},\"value\":\"183-54-7986\"}],\"name\":[{\"prefix\":[\"Mrs.\"],\"given\":[\"Lynn\",\"D\"],\"family\":\"Burbach\",\"use\":\"usual\",\"text\":\"LXg0zshsD7-IGB2L56Qo8\"}],\"gender\":\"female\",\"birthDate\":\"2002-11-05\",\"address\":[{\"line\":[\"4059 Collins Street\"],\"city\":\"Johnstown\",\"state\":\"Pennsylvania\",\"postalCode\":\"15904\",\"country\":\"United States\"}],\"telecom\":[{\"system\":\"email\",\"value\":\"lynndburbach@jourrapide.com\"},{\"system\":\"phone\",\"value\":\"814-243-9772\"}],\"extension\":[{\"url\":\"http://hl7.org/fhir/StructureDefinition/patient-mothersMaidenName\",\"valueString\":\"Almanza\"}]},\r\n            \"request\": {\"method\": \"POST\",\"url\": \"/Patient\"}\r\n        },\r\n        {\r\n            \"resource\":{\"resourceType\":\"Patient\",\"identifier\":[{\"type\":{\"coding\":[{\"system\":\"http://terminology.hl7.org/CodeSystem/v2-0203\",\"code\":\"MR\"}]},\"system\":\"http://emr.testhospital.com/mrn\",\"value\":\"MRN-0008\"},{\"type\":{\"coding\":[{\"system\":\"http://terminology.hl7.org/CodeSystem/v2-0203\",\"code\":\"SS\"}]},\"value\":\"332-18-3856\"}],\"name\":[{\"prefix\":[\"Dr.\"],\"given\":[\"Stacey\",\"J\"],\"family\":\"Field\",\"use\":\"usual\",\"text\":\"LXg0zshsD7-IGB2L56Qo8\"}],\"gender\":\"male\",\"birthDate\":\"2002-07-27\",\"address\":[{\"line\":[\"2679 Steele Street\"],\"city\":\"Chicago\",\"state\":\"Illinois\",\"postalCode\":\"60607\",\"country\":\"United States\"}],\"telecom\":[{\"system\":\"email\",\"value\":\"staceyjfield@jourrapide.com\"},{\"system\":\"phone\",\"value\":\"630-636-6647\"}],\"extension\":[{\"url\":\"http://hl7.org/fhir/StructureDefinition/patient-mothersMaidenName\",\"valueString\":\"Thompson\"}]},\r\n            \"request\": {\"method\": \"POST\",\"url\": \"/Patient\"}\r\n        },\r\n        {\r\n            \"resource\":{\"resourceType\":\"Patient\",\"identifier\":[{\"type\":{\"coding\":[{\"system\":\"http://terminology.hl7.org/CodeSystem/v2-0203\",\"code\":\"MR\"}]},\"system\":\"http://emr.testhospital.com/mrn\",\"value\":\"MRN-0009\"},{\"type\":{\"coding\":[{\"system\":\"http://terminology.hl7.org/CodeSystem/v2-0203\",\"code\":\"SS\"}]},\"value\":\"265-17-0923\"}],\"name\":[{\"prefix\":[\"Mr.\"],\"given\":[\"Eugene\",\"L\"],\"family\":\"Smith\",\"use\":\"usual\",\"text\":\"LXg0zshsD7-IGB2L56Qo8\"}],\"gender\":\"male\",\"birthDate\":\"1958-09-20\",\"address\":[{\"line\":[\"2705 Railroad Street\"],\"city\":\"Jacksonville\",\"state\":\"Florida\",\"postalCode\":\"32256\",\"country\":\"United States\"}],\"telecom\":[{\"system\":\"email\",\"value\":\"eugenelsmith@fleckens.hu\"},{\"system\":\"phone\",\"value\":\"904-987-3946\"}],\"extension\":[{\"url\":\"http://hl7.org/fhir/StructureDefinition/patient-mothersMaidenName\",\"valueString\":\"Whitacre\"}]},\r\n            \"request\": {\"method\": \"POST\",\"url\": \"/Patient\"}\r\n        },\r\n        {\r\n            \"resource\":{\"resourceType\":\"Patient\",\"identifier\":[{\"type\":{\"coding\":[{\"system\":\"http://terminology.hl7.org/CodeSystem/v2-0203\",\"code\":\"MR\"}]},\"system\":\"http://emr.testhospital.com/mrn\",\"value\":\"MRN-0010\"},{\"type\":{\"coding\":[{\"system\":\"http://terminology.hl7.org/CodeSystem/v2-0203\",\"code\":\"SS\"}]},\"value\":\"617-64-4581\"}],\"name\":[{\"prefix\":[\"Mrs.\"],\"given\":[\"Ann\",\"D\"],\"family\":\"Johnson\",\"use\":\"usual\",\"text\":\"LXg0zshsD7-IGB2L56Qo8\"}],\"gender\":\"female\",\"birthDate\":\"1998-02-12\",\"address\":[{\"line\":[\"2879 Euclid Avenue\"],\"city\":\"City Of Commerce\",\"state\":\"California\",\"postalCode\":\"90040\",\"country\":\"United States\"}],\"telecom\":[{\"system\":\"email\",\"value\":\"anndjohnson@armyspy.com\"},{\"system\":\"phone\",\"value\":\"805-358-4561\"}],\"extension\":[{\"url\":\"http://hl7.org/fhir/StructureDefinition/patient-mothersMaidenName\",\"valueString\":\"Stevens\"}]},\r\n            \"request\": {\"method\": \"POST\",\"url\": \"/Patient\"}\r\n        },\r\n        {\r\n            \"resource\":{\"resourceType\":\"Patient\",\"identifier\":[{\"type\":{\"coding\":[{\"system\":\"http://terminology.hl7.org/CodeSystem/v2-0203\",\"code\":\"MR\"}]},\"system\":\"http://emr.testhospital.com/mrn\",\"value\":\"MRN-0011\"},{\"type\":{\"coding\":[{\"system\":\"http://terminology.hl7.org/CodeSystem/v2-0203\",\"code\":\"SS\"}]},\"value\":\"641-64-0557\"}],\"name\":[{\"prefix\":[\"Mr.\"],\"given\":[\"Stephen\",\"S\"],\"family\":\"Williams\",\"use\":\"usual\",\"text\":\"LXg0zshsD7-IGB2L56Qo8\"}],\"gender\":\"male\",\"birthDate\":\"1998-11-21\",\"address\":[{\"line\":[\"317 Birch  Street\"],\"city\":\"El Paso\",\"state\":\"Texas\",\"postalCode\":\"79905\",\"country\":\"United States\"}],\"telecom\":[{\"system\":\"email\",\"value\":\"stephenswilliams@cuvox.de\"},{\"system\":\"phone\",\"value\":\"915-779-3361\"}],\"extension\":[{\"url\":\"http://hl7.org/fhir/StructureDefinition/patient-mothersMaidenName\",\"valueString\":\"Bailey\"}]},\r\n            \"request\": {\"method\": \"POST\",\"url\": \"/Patient\"}\r\n        },\r\n        {\r\n            \"resource\":{\"resourceType\":\"Patient\",\"identifier\":[{\"type\":{\"coding\":[{\"system\":\"http://terminology.hl7.org/CodeSystem/v2-0203\",\"code\":\"MR\"}]},\"system\":\"http://emr.testhospital.com/mrn\",\"value\":\"MRN-0012\"},{\"type\":{\"coding\":[{\"system\":\"http://terminology.hl7.org/CodeSystem/v2-0203\",\"code\":\"SS\"}]},\"value\":\"574-46-5056\"}],\"name\":[{\"prefix\":[\"Mr.\"],\"given\":[\"Gary\",\"A\"],\"family\":\"Hurley\",\"use\":\"usual\",\"text\":\"LXg0zshsD7-IGB2L56Qo8\"}],\"gender\":\"male\",\"birthDate\":\"1963-04-03\",\"address\":[{\"line\":[\"2603 Veltri Drive\"],\"city\":\"Valdez\",\"state\":\"Alaska\",\"postalCode\":\"99686\",\"country\":\"United States\"}],\"telecom\":[{\"system\":\"email\",\"value\":\"garyahurley@teleworm.us\"},{\"system\":\"phone\",\"value\":\"907-255-6172\"}],\"extension\":[{\"url\":\"http://hl7.org/fhir/StructureDefinition/patient-mothersMaidenName\",\"valueString\":\"Fix\"}]},\r\n            \"request\": {\"method\": \"POST\",\"url\": \"/Patient\"}\r\n        },\r\n        {\r\n            \"resource\":{\"resourceType\":\"Patient\",\"identifier\":[{\"type\":{\"coding\":[{\"system\":\"http://terminology.hl7.org/CodeSystem/v2-0203\",\"code\":\"MR\"}]},\"system\":\"http://emr.testhospital.com/mrn\",\"value\":\"MRN-0013\"},{\"type\":{\"coding\":[{\"system\":\"http://terminology.hl7.org/CodeSystem/v2-0203\",\"code\":\"SS\"}]},\"value\":\"010-05-3565\"}],\"name\":[{\"prefix\":[\"Ms.\"],\"given\":[\"Ashley\",\"E\"],\"family\":\"Gregory\",\"use\":\"usual\",\"text\":\"LXg0zshsD7-IGB2L56Qo8\"}],\"gender\":\"female\",\"birthDate\":\"1942-04-14\",\"address\":[{\"line\":[\"330 Pearlman Avenue\"],\"city\":\"Boston\",\"state\":\"Massachusetts\",\"postalCode\":\"02110\",\"country\":\"United States\"}],\"telecom\":[{\"system\":\"email\",\"value\":\"ashleyegregory@cuvox.de\"},{\"system\":\"phone\",\"value\":\"978-268-5880\"}],\"extension\":[{\"url\":\"http://hl7.org/fhir/StructureDefinition/patient-mothersMaidenName\",\"valueString\":\"Crawford\"}]},\r\n            \"request\": {\"method\": \"POST\",\"url\": \"/Patient\"}\r\n        },\r\n        {\r\n            \"resource\":{\"resourceType\":\"Patient\",\"identifier\":[{\"type\":{\"coding\":[{\"system\":\"http://terminology.hl7.org/CodeSystem/v2-0203\",\"code\":\"MR\"}]},\"system\":\"http://emr.testhospital.com/mrn\",\"value\":\"MRN-0014\"},{\"type\":{\"coding\":[{\"system\":\"http://terminology.hl7.org/CodeSystem/v2-0203\",\"code\":\"SS\"}]},\"value\":\"320-06-6033\"}],\"name\":[{\"prefix\":[\"Ms.\"],\"given\":[\"Irene\",\"C\"],\"family\":\"Bradley\",\"use\":\"usual\",\"text\":\"LXg0zshsD7-IGB2L56Qo8\"}],\"gender\":\"female\",\"birthDate\":\"1995-01-01\",\"address\":[{\"line\":[\"1760 Braxton Street\"],\"city\":\"Mendota\",\"state\":\"Illinois\",\"postalCode\":\"61342\",\"country\":\"United States\"}],\"telecom\":[{\"system\":\"email\",\"value\":\"irenecbradley@jourrapide.com\"},{\"system\":\"phone\",\"value\":\"815-539-8983\"}],\"extension\":[{\"url\":\"http://hl7.org/fhir/StructureDefinition/patient-mothersMaidenName\",\"valueString\":\"Wilson\"}]},\r\n            \"request\": {\"method\": \"POST\",\"url\": \"/Patient\"}\r\n        },\r\n        {\r\n            \"resource\":{\"resourceType\":\"Patient\",\"identifier\":[{\"type\":{\"coding\":[{\"system\":\"http://terminology.hl7.org/CodeSystem/v2-0203\",\"code\":\"MR\"}]},\"system\":\"http://emr.testhospital.com/mrn\",\"value\":\"MRN-0015\"},{\"type\":{\"coding\":[{\"system\":\"http://terminology.hl7.org/CodeSystem/v2-0203\",\"code\":\"SS\"}]},\"value\":\"547-98-8444\"}],\"name\":[{\"prefix\":[\"Mr.\"],\"given\":[\"Lester\",\"B\"],\"family\":\"Bissonnette\",\"use\":\"usual\",\"text\":\"LXg0zshsD7-IGB2L56Qo8\"}],\"gender\":\"male\",\"birthDate\":\"1940-08-28\",\"address\":[{\"line\":[\"4622 Harrison Street\"],\"city\":\"San Francisco\",\"state\":\"California\",\"postalCode\":\"94103\",\"country\":\"United States\"}],\"telecom\":[{\"system\":\"email\",\"value\":\"lesterbbissonnette@cuvox.de\"},{\"system\":\"phone\",\"value\":\"415-551-7720\"}],\"extension\":[{\"url\":\"http://hl7.org/fhir/StructureDefinition/patient-mothersMaidenName\",\"valueString\":\"Ellis\"}]},\r\n            \"request\": {\"method\": \"POST\",\"url\": \"/Patient\"}\r\n        },\r\n        {\r\n            \"resource\":{\"resourceType\":\"Patient\",\"identifier\":[{\"type\":{\"coding\":[{\"system\":\"http://terminology.hl7.org/CodeSystem/v2-0203\",\"code\":\"MR\"}]},\"system\":\"http://emr.testhospital.com/mrn\",\"value\":\"MRN-0016\"},{\"type\":{\"coding\":[{\"system\":\"http://terminology.hl7.org/CodeSystem/v2-0203\",\"code\":\"SS\"}]},\"value\":\"231-56-3795\"}],\"name\":[{\"prefix\":[\"Mr.\"],\"given\":[\"Robert\",\"K\"],\"family\":\"Haney\",\"use\":\"usual\",\"text\":\"LXg0zshsD7-IGB2L56Qo8\"}],\"gender\":\"male\",\"birthDate\":\"1997-09-17\",\"address\":[{\"line\":[\"3077 Murry Street\"],\"city\":\"Chesapeake\",\"state\":\"Virginia\",\"postalCode\":\"23322\",\"country\":\"United States\"}],\"telecom\":[{\"system\":\"email\",\"value\":\"robertkhaney@rhyta.com\"},{\"system\":\"phone\",\"value\":\"757-432-8904\"}],\"extension\":[{\"url\":\"http://hl7.org/fhir/StructureDefinition/patient-mothersMaidenName\",\"valueString\":\"Smith\"}]},\r\n            \"request\": {\"method\": \"POST\",\"url\": \"/Patient\"}\r\n        },\r\n        {\r\n            \"resource\":{\"resourceType\":\"Patient\",\"identifier\":[{\"type\":{\"coding\":[{\"system\":\"http://terminology.hl7.org/CodeSystem/v2-0203\",\"code\":\"MR\"}]},\"system\":\"http://emr.testhospital.com/mrn\",\"value\":\"MRN-0017\"},{\"type\":{\"coding\":[{\"system\":\"http://terminology.hl7.org/CodeSystem/v2-0203\",\"code\":\"SS\"}]},\"value\":\"617-36-1580\"}],\"name\":[{\"prefix\":[\"Ms.\"],\"given\":[\"Dorothy\",\"E\"],\"family\":\"Arrowood\",\"use\":\"usual\",\"text\":\"LXg0zshsD7-IGB2L56Qo8\"}],\"gender\":\"female\",\"birthDate\":\"1994-09-21\",\"address\":[{\"line\":[\"4848 Station Street\"],\"city\":\"San Francisco\",\"state\":\"California\",\"postalCode\":\"94103\",\"country\":\"United States\"}],\"telecom\":[{\"system\":\"email\",\"value\":\"dorothyearrowood@teleworm.us\"},{\"system\":\"phone\",\"value\":\"510-903-7442\"}],\"extension\":[{\"url\":\"http://hl7.org/fhir/StructureDefinition/patient-mothersMaidenName\",\"valueString\":\"Ramos\"}]},\r\n            \"request\": {\"method\": \"POST\",\"url\": \"/Patient\"}\r\n        },\r\n        {\r\n            \"resource\":{\"resourceType\":\"Patient\",\"identifier\":[{\"type\":{\"coding\":[{\"system\":\"http://terminology.hl7.org/CodeSystem/v2-0203\",\"code\":\"MR\"}]},\"system\":\"http://emr.testhospital.com/mrn\",\"value\":\"MRN-0018\"},{\"type\":{\"coding\":[{\"system\":\"http://terminology.hl7.org/CodeSystem/v2-0203\",\"code\":\"SS\"}]},\"value\":\"539-15-6753\"}],\"name\":[{\"prefix\":[\"Mrs.\"],\"given\":[\"Norma\",\"G\"],\"family\":\"Garza\",\"use\":\"usual\",\"text\":\"LXg0zshsD7-IGB2L56Qo8\"}],\"gender\":\"female\",\"birthDate\":\"1964-06-17\",\"address\":[{\"line\":[\"298 Main Street\"],\"city\":\"Seattle\",\"state\":\"Washington\",\"postalCode\":\"98109\",\"country\":\"United States\"}],\"telecom\":[{\"system\":\"email\",\"value\":\"normaggarza@gustr.com\"},{\"system\":\"phone\",\"value\":\"425-691-2012\"}],\"extension\":[{\"url\":\"http://hl7.org/fhir/StructureDefinition/patient-mothersMaidenName\",\"valueString\":\"Parker\"}]},\r\n            \"request\": {\"method\": \"POST\",\"url\": \"/Patient\"}\r\n        },\r\n        {\r\n            \"resource\":{\"resourceType\":\"Patient\",\"identifier\":[{\"type\":{\"coding\":[{\"system\":\"http://terminology.hl7.org/CodeSystem/v2-0203\",\"code\":\"MR\"}]},\"system\":\"http://emr.testhospital.com/mrn\",\"value\":\"MRN-0019\"},{\"type\":{\"coding\":[{\"system\":\"http://terminology.hl7.org/CodeSystem/v2-0203\",\"code\":\"SS\"}]},\"value\":\"628-24-7261\"}],\"name\":[{\"prefix\":[\"Mrs.\"],\"given\":[\"Amy\",\"C\"],\"family\":\"Hernandez\",\"use\":\"usual\",\"text\":\"LXg0zshsD7-IGB2L56Qo8\"}],\"gender\":\"female\",\"birthDate\":\"2005-03-15\",\"address\":[{\"line\":[\"217 Payne Street\"],\"city\":\"Tomball\",\"state\":\"Texas\",\"postalCode\":\"77337\",\"country\":\"United States\"}],\"telecom\":[{\"system\":\"email\",\"value\":\"amychernandez@dayrep.com\"},{\"system\":\"phone\",\"value\":\"281-251-0866\"}],\"extension\":[{\"url\":\"http://hl7.org/fhir/StructureDefinition/patient-mothersMaidenName\",\"valueString\":\"Hagy\"}]},\r\n            \"request\": {\"method\": \"POST\",\"url\": \"/Patient\"}\r\n        },\r\n        {\r\n            \"resource\":{\"resourceType\":\"Patient\",\"identifier\":[{\"type\":{\"coding\":[{\"system\":\"http://terminology.hl7.org/CodeSystem/v2-0203\",\"code\":\"MR\"}]},\"system\":\"http://emr.testhospital.com/mrn\",\"value\":\"MRN-0020\"},{\"type\":{\"coding\":[{\"system\":\"http://terminology.hl7.org/CodeSystem/v2-0203\",\"code\":\"SS\"}]},\"value\":\"695-01-1279\"}],\"name\":[{\"prefix\":[\"Mr.\"],\"given\":[\"Anthony\",\"S\"],\"family\":\"Weatherly\",\"use\":\"usual\",\"text\":\"LXg0zshsD7-IGB2L56Qo8\"}],\"gender\":\"male\",\"birthDate\":\"1975-07-21\",\"address\":[{\"line\":[\"3381 Cabell Avenue\"],\"city\":\"Alexandria\",\"state\":\"Virginia\",\"postalCode\":\"22370\",\"country\":\"United States\"}],\"telecom\":[{\"system\":\"email\",\"value\":\"anthonysweatherly@fleckens.hu\"},{\"system\":\"phone\",\"value\":\"703-619-8474\"}],\"extension\":[{\"url\":\"http://hl7.org/fhir/StructureDefinition/patient-mothersMaidenName\",\"valueString\":\"Dunlap\"}]},\r\n            \"request\": {\"method\": \"POST\",\"url\": \"/Patient\"}\r\n        },\r\n        {\r\n            \"resource\":{\"resourceType\":\"Patient\",\"identifier\":[{\"type\":{\"coding\":[{\"system\":\"http://terminology.hl7.org/CodeSystem/v2-0203\",\"code\":\"MR\"}]},\"system\":\"http://emr.testhospital.com/mrn\",\"value\":\"MRN-0021\"},{\"type\":{\"coding\":[{\"system\":\"http://terminology.hl7.org/CodeSystem/v2-0203\",\"code\":\"SS\"}]},\"value\":\"634-02-2475\"}],\"name\":[{\"prefix\":[\"Mr.\"],\"given\":[\"Donald\",\"J\"],\"family\":\"Tabron\",\"use\":\"usual\",\"text\":\"LXg0zshsD7-IGB2L56Qo8\"}],\"gender\":\"male\",\"birthDate\":\"1983-03-01\",\"address\":[{\"line\":[\"4620 Carolyns Circle\"],\"city\":\"Plano\",\"state\":\"Texas\",\"postalCode\":\"75074\",\"country\":\"United States\"}],\"telecom\":[{\"system\":\"email\",\"value\":\"donaldjtabron@fleckens.hu\"},{\"system\":\"phone\",\"value\":\"214-737-2491\"}],\"extension\":[{\"url\":\"http://hl7.org/fhir/StructureDefinition/patient-mothersMaidenName\",\"valueString\":\"Gamache\"}]},\r\n            \"request\": {\"method\": \"POST\",\"url\": \"/Patient\"}\r\n        },\r\n        {\r\n            \"resource\":{\"resourceType\":\"Patient\",\"identifier\":[{\"type\":{\"coding\":[{\"system\":\"http://terminology.hl7.org/CodeSystem/v2-0203\",\"code\":\"MR\"}]},\"system\":\"http://emr.testhospital.com/mrn\",\"value\":\"MRN-0022\"},{\"type\":{\"coding\":[{\"system\":\"http://terminology.hl7.org/CodeSystem/v2-0203\",\"code\":\"SS\"}]},\"value\":\"502-01-9877\"}],\"name\":[{\"prefix\":[\"Dr.\"],\"given\":[\"Carl\",\"P\"],\"family\":\"Ojeda\",\"use\":\"usual\",\"text\":\"LXg0zshsD7-IGB2L56Qo8\"}],\"gender\":\"male\",\"birthDate\":\"1980-05-01\",\"address\":[{\"line\":[\"2209 Catherine Drive\"],\"city\":\"Grand Forks\",\"state\":\"North Dakota\",\"postalCode\":\"58203\",\"country\":\"United States\"}],\"telecom\":[{\"system\":\"email\",\"value\":\"carlpojeda@jourrapide.com\"},{\"system\":\"phone\",\"value\":\"701-314-4339\"}],\"extension\":[{\"url\":\"http://hl7.org/fhir/StructureDefinition/patient-mothersMaidenName\",\"valueString\":\"Randell\"}]},\r\n            \"request\": {\"method\": \"POST\",\"url\": \"/Patient\"}\r\n        },\r\n        {\r\n            \"resource\":{\"resourceType\":\"Patient\",\"identifier\":[{\"type\":{\"coding\":[{\"system\":\"http://terminology.hl7.org/CodeSystem/v2-0203\",\"code\":\"MR\"}]},\"system\":\"http://emr.testhospital.com/mrn\",\"value\":\"MRN-0023\"},{\"type\":{\"coding\":[{\"system\":\"http://terminology.hl7.org/CodeSystem/v2-0203\",\"code\":\"SS\"}]},\"value\":\"574-76-5328\"}],\"name\":[{\"prefix\":[\"Mr.\"],\"given\":[\"James\",\"C\"],\"family\":\"Davidson\",\"use\":\"usual\",\"text\":\"LXg0zshsD7-IGB2L56Qo8\"}],\"gender\":\"male\",\"birthDate\":\"1950-09-05\",\"address\":[{\"line\":[\"1119 Timbercrest Road\"],\"city\":\"Anchorage\",\"state\":\"Alaska\",\"postalCode\":\"99503\",\"country\":\"United States\"}],\"telecom\":[{\"system\":\"email\",\"value\":\"jamescdavidson@rhyta.com\"},{\"system\":\"phone\",\"value\":\"907-632-7491\"}],\"extension\":[{\"url\":\"http://hl7.org/fhir/StructureDefinition/patient-mothersMaidenName\",\"valueString\":\"Jones\"}]},\r\n            \"request\": {\"method\": \"POST\",\"url\": \"/Patient\"}\r\n        },\r\n        {\r\n            \"resource\":{\"resourceType\":\"Patient\",\"identifier\":[{\"type\":{\"coding\":[{\"system\":\"http://terminology.hl7.org/CodeSystem/v2-0203\",\"code\":\"MR\"}]},\"system\":\"http://emr.testhospital.com/mrn\",\"value\":\"MRN-0024\"},{\"type\":{\"coding\":[{\"system\":\"http://terminology.hl7.org/CodeSystem/v2-0203\",\"code\":\"SS\"}]},\"value\":\"541-65-4014\"}],\"name\":[{\"prefix\":[\"Mr.\"],\"given\":[\"James\",\"A\"],\"family\":\"Parsley\",\"use\":\"usual\",\"text\":\"LXg0zshsD7-IGB2L56Qo8\"}],\"gender\":\"male\",\"birthDate\":\"1978-11-27\",\"address\":[{\"line\":[\"3463 Illinois Avenue\"],\"city\":\"Portland\",\"state\":\"Oregon\",\"postalCode\":\"97204\",\"country\":\"United States\"}],\"telecom\":[{\"system\":\"email\",\"value\":\"jamesaparsley@teleworm.us\"},{\"system\":\"phone\",\"value\":\"503-734-3450\"}],\"extension\":[{\"url\":\"http://hl7.org/fhir/StructureDefinition/patient-mothersMaidenName\",\"valueString\":\"Gobeil\"}]},\r\n            \"request\": {\"method\": \"POST\",\"url\": \"/Patient\"}\r\n        },\r\n        {\r\n            \"resource\":{\"resourceType\":\"Patient\",\"identifier\":[{\"type\":{\"coding\":[{\"system\":\"http://terminology.hl7.org/CodeSystem/v2-0203\",\"code\":\"MR\"}]},\"system\":\"http://emr.testhospital.com/mrn\",\"value\":\"MRN-0025\"},{\"type\":{\"coding\":[{\"system\":\"http://terminology.hl7.org/CodeSystem/v2-0203\",\"code\":\"SS\"}]},\"value\":\"531-24-9756\"}],\"name\":[{\"prefix\":[\"Mr.\"],\"given\":[\"Patrick\",\"R\"],\"family\":\"Munoz\",\"use\":\"usual\",\"text\":\"LXg0zshsD7-IGB2L56Qo8\"}],\"gender\":\"male\",\"birthDate\":\"1992-12-23\",\"address\":[{\"line\":[\"4139 Sun Valley Road\"],\"city\":\"Sunnyside\",\"state\":\"Washington\",\"postalCode\":\"98944\",\"country\":\"United States\"}],\"telecom\":[{\"system\":\"email\",\"value\":\"patrickrmunoz@superrito.com\"},{\"system\":\"phone\",\"value\":\"509-831-2678\"}],\"extension\":[{\"url\":\"http://hl7.org/fhir/StructureDefinition/patient-mothersMaidenName\",\"valueString\":\"East\"}]},\r\n            \"request\": {\"method\": \"POST\",\"url\": \"/Patient\"}\r\n        },\r\n        {\r\n            \"resource\":{\"resourceType\":\"Patient\",\"identifier\":[{\"type\":{\"coding\":[{\"system\":\"http://terminology.hl7.org/CodeSystem/v2-0203\",\"code\":\"MR\"}]},\"system\":\"http://emr.testhospital.com/mrn\",\"value\":\"MRN-0026\"},{\"type\":{\"coding\":[{\"system\":\"http://terminology.hl7.org/CodeSystem/v2-0203\",\"code\":\"SS\"}]},\"value\":\"153-34-7307\"}],\"name\":[{\"prefix\":[\"Mr.\"],\"given\":[\"Richard\",\"K\"],\"family\":\"Tanner\",\"use\":\"usual\",\"text\":\"LXg0zshsD7-IGB2L56Qo8\"}],\"gender\":\"male\",\"birthDate\":\"1981-12-20\",\"address\":[{\"line\":[\"3903 Hilltop Haven Drive\"],\"city\":\"Lyndhurst\",\"state\":\"New Jersey\",\"postalCode\":\"07071\",\"country\":\"United States\"}],\"telecom\":[{\"system\":\"email\",\"value\":\"richardktanner@rhyta.com\"},{\"system\":\"phone\",\"value\":\"973-880-6079\"}],\"extension\":[{\"url\":\"http://hl7.org/fhir/StructureDefinition/patient-mothersMaidenName\",\"valueString\":\"Lemelle\"}]},\r\n            \"request\": {\"method\": \"POST\",\"url\": \"/Patient\"}\r\n        },\r\n        {\r\n            \"resource\":{\"resourceType\":\"Patient\",\"identifier\":[{\"type\":{\"coding\":[{\"system\":\"http://terminology.hl7.org/CodeSystem/v2-0203\",\"code\":\"MR\"}]},\"system\":\"http://emr.testhospital.com/mrn\",\"value\":\"MRN-0027\"},{\"type\":{\"coding\":[{\"system\":\"http://terminology.hl7.org/CodeSystem/v2-0203\",\"code\":\"SS\"}]},\"value\":\"215-53-3935\"}],\"name\":[{\"prefix\":[\"Mrs.\"],\"given\":[\"Tamara\",\"B\"],\"family\":\"Clayton\",\"use\":\"usual\",\"text\":\"LXg0zshsD7-IGB2L56Qo8\"}],\"gender\":\"female\",\"birthDate\":\"2003-03-04\",\"address\":[{\"line\":[\"4182 Marie Street\"],\"city\":\"Baltimore\",\"state\":\"Maryland\",\"postalCode\":\"21202\",\"country\":\"United States\"}],\"telecom\":[{\"system\":\"email\",\"value\":\"tamarabclayton@dayrep.com\"},{\"system\":\"phone\",\"value\":\"410-904-9533\"}],\"extension\":[{\"url\":\"http://hl7.org/fhir/StructureDefinition/patient-mothersMaidenName\",\"valueString\":\"Lee\"}]},\r\n            \"request\": {\"method\": \"POST\",\"url\": \"/Patient\"}\r\n        }\r\n    ]\r\n}",
							"options": {
								"raw": {
									"language": "json"
								}
							}
						},
						"url": {
							"raw": "{{base_url}}/",
							"host": [
								"{{base_url}}"
							],
							"path": [
								""
							]
						}
					},
					"status": "OK",
					"code": 200,
					"_postman_previewlanguage": "json",
					"header": [
						{
							"key": "X-Powered-By",
							"value": "HAPI FHIR 7.0.0 REST Server (FHIR Server; FHIR 4.0.1/R4)"
						},
						{
							"key": "X-Request-ID",
							"value": "mGcm4VvsEUtrL3Cg"
						},
						{
							"key": "Content-Location",
							"value": "http://localhost:8181/fhir/Bundle/00f132ee-1c43-43ff-9987-753d40a48f21"
						},
						{
							"key": "Location",
							"value": "http://localhost:8181/fhir/Bundle/00f132ee-1c43-43ff-9987-753d40a48f21"
						},
						{
							"key": "Content-Encoding",
							"value": "gzip"
						},
						{
							"key": "Content-Type",
							"value": "application/fhir+json;charset=UTF-8"
						},
						{
							"key": "Transfer-Encoding",
							"value": "chunked"
						},
						{
							"key": "Date",
							"value": "Thu, 18 Jul 2024 00:30:50 GMT"
						},
						{
							"key": "Keep-Alive",
							"value": "timeout=60"
						},
						{
							"key": "Connection",
							"value": "keep-alive"
						}
					],
					"cookie": [],
					"body": "{\n    \"resourceType\": \"Bundle\",\n    \"id\": \"00f132ee-1c43-43ff-9987-753d40a48f21\",\n    \"type\": \"transaction-response\",\n    \"link\": [\n        {\n            \"relation\": \"self\",\n            \"url\": \"http://localhost:8181/fhir\"\n        }\n    ],\n    \"entry\": [\n        {\n            \"response\": {\n                \"status\": \"201 Created\",\n                \"location\": \"Patient/1/_history/1\",\n                \"etag\": \"1\",\n                \"lastModified\": \"2024-07-18T00:30:50.369+00:00\",\n                \"outcome\": {\n                    \"resourceType\": \"OperationOutcome\",\n                    \"issue\": [\n                        {\n                            \"severity\": \"information\",\n                            \"code\": \"informational\",\n                            \"details\": {\n                                \"coding\": [\n                                    {\n                                        \"system\": \"https://hapifhir.io/fhir/CodeSystem/hapi-fhir-storage-response-code\",\n                                        \"code\": \"SUCCESSFUL_CREATE\",\n                                        \"display\": \"Create succeeded.\"\n                                    }\n                                ]\n                            },\n                            \"diagnostics\": \"Successfully created resource \\\"Patient/1/_history/1\\\". Took 96ms.\"\n                        }\n                    ]\n                }\n            }\n        },\n        {\n            \"response\": {\n                \"status\": \"201 Created\",\n                \"location\": \"Patient/2/_history/1\",\n                \"etag\": \"1\",\n                \"lastModified\": \"2024-07-18T00:30:50.369+00:00\",\n                \"outcome\": {\n                    \"resourceType\": \"OperationOutcome\",\n                    \"issue\": [\n                        {\n                            \"severity\": \"information\",\n                            \"code\": \"informational\",\n                            \"details\": {\n                                \"coding\": [\n                                    {\n                                        \"system\": \"https://hapifhir.io/fhir/CodeSystem/hapi-fhir-storage-response-code\",\n                                        \"code\": \"SUCCESSFUL_CREATE\",\n                                        \"display\": \"Create succeeded.\"\n                                    }\n                                ]\n                            },\n                            \"diagnostics\": \"Successfully created resource \\\"Patient/2/_history/1\\\". Took 6ms.\"\n                        }\n                    ]\n                }\n            }\n        },\n        {\n            \"response\": {\n                \"status\": \"201 Created\",\n                \"location\": \"Patient/3/_history/1\",\n                \"etag\": \"1\",\n                \"lastModified\": \"2024-07-18T00:30:50.369+00:00\",\n                \"outcome\": {\n                    \"resourceType\": \"OperationOutcome\",\n                    \"issue\": [\n                        {\n                            \"severity\": \"information\",\n                            \"code\": \"informational\",\n                            \"details\": {\n                                \"coding\": [\n                                    {\n                                        \"system\": \"https://hapifhir.io/fhir/CodeSystem/hapi-fhir-storage-response-code\",\n                                        \"code\": \"SUCCESSFUL_CREATE\",\n                                        \"display\": \"Create succeeded.\"\n                                    }\n                                ]\n                            },\n                            \"diagnostics\": \"Successfully created resource \\\"Patient/3/_history/1\\\". Took 6ms.\"\n                        }\n                    ]\n                }\n            }\n        },\n        {\n            \"response\": {\n                \"status\": \"201 Created\",\n                \"location\": \"Patient/4/_history/1\",\n                \"etag\": \"1\",\n                \"lastModified\": \"2024-07-18T00:30:50.369+00:00\",\n                \"outcome\": {\n                    \"resourceType\": \"OperationOutcome\",\n                    \"issue\": [\n                        {\n                            \"severity\": \"information\",\n                            \"code\": \"informational\",\n                            \"details\": {\n                                \"coding\": [\n                                    {\n                                        \"system\": \"https://hapifhir.io/fhir/CodeSystem/hapi-fhir-storage-response-code\",\n                                        \"code\": \"SUCCESSFUL_CREATE\",\n                                        \"display\": \"Create succeeded.\"\n                                    }\n                                ]\n                            },\n                            \"diagnostics\": \"Successfully created resource \\\"Patient/4/_history/1\\\". Took 4ms.\"\n                        }\n                    ]\n                }\n            }\n        },\n        {\n            \"response\": {\n                \"status\": \"201 Created\",\n                \"location\": \"Patient/5/_history/1\",\n                \"etag\": \"1\",\n                \"lastModified\": \"2024-07-18T00:30:50.369+00:00\",\n                \"outcome\": {\n                    \"resourceType\": \"OperationOutcome\",\n                    \"issue\": [\n                        {\n                            \"severity\": \"information\",\n                            \"code\": \"informational\",\n                            \"details\": {\n                                \"coding\": [\n                                    {\n                                        \"system\": \"https://hapifhir.io/fhir/CodeSystem/hapi-fhir-storage-response-code\",\n                                        \"code\": \"SUCCESSFUL_CREATE\",\n                                        \"display\": \"Create succeeded.\"\n                                    }\n                                ]\n                            },\n                            \"diagnostics\": \"Successfully created resource \\\"Patient/5/_history/1\\\". Took 4ms.\"\n                        }\n                    ]\n                }\n            }\n        },\n        {\n            \"response\": {\n                \"status\": \"201 Created\",\n                \"location\": \"Patient/6/_history/1\",\n                \"etag\": \"1\",\n                \"lastModified\": \"2024-07-18T00:30:50.369+00:00\",\n                \"outcome\": {\n                    \"resourceType\": \"OperationOutcome\",\n                    \"issue\": [\n                        {\n                            \"severity\": \"information\",\n                            \"code\": \"informational\",\n                            \"details\": {\n                                \"coding\": [\n                                    {\n                                        \"system\": \"https://hapifhir.io/fhir/CodeSystem/hapi-fhir-storage-response-code\",\n                                        \"code\": \"SUCCESSFUL_CREATE\",\n                                        \"display\": \"Create succeeded.\"\n                                    }\n                                ]\n                            },\n                            \"diagnostics\": \"Successfully created resource \\\"Patient/6/_history/1\\\". Took 4ms.\"\n                        }\n                    ]\n                }\n            }\n        },\n        {\n            \"response\": {\n                \"status\": \"201 Created\",\n                \"location\": \"Patient/7/_history/1\",\n                \"etag\": \"1\",\n                \"lastModified\": \"2024-07-18T00:30:50.369+00:00\",\n                \"outcome\": {\n                    \"resourceType\": \"OperationOutcome\",\n                    \"issue\": [\n                        {\n                            \"severity\": \"information\",\n                            \"code\": \"informational\",\n                            \"details\": {\n                                \"coding\": [\n                                    {\n                                        \"system\": \"https://hapifhir.io/fhir/CodeSystem/hapi-fhir-storage-response-code\",\n                                        \"code\": \"SUCCESSFUL_CREATE\",\n                                        \"display\": \"Create succeeded.\"\n                                    }\n                                ]\n                            },\n                            \"diagnostics\": \"Successfully created resource \\\"Patient/7/_history/1\\\". Took 5ms.\"\n                        }\n                    ]\n                }\n            }\n        },\n        {\n            \"response\": {\n                \"status\": \"201 Created\",\n                \"location\": \"Patient/8/_history/1\",\n                \"etag\": \"1\",\n                \"lastModified\": \"2024-07-18T00:30:50.369+00:00\",\n                \"outcome\": {\n                    \"resourceType\": \"OperationOutcome\",\n                    \"issue\": [\n                        {\n                            \"severity\": \"information\",\n                            \"code\": \"informational\",\n                            \"details\": {\n                                \"coding\": [\n                                    {\n                                        \"system\": \"https://hapifhir.io/fhir/CodeSystem/hapi-fhir-storage-response-code\",\n                                        \"code\": \"SUCCESSFUL_CREATE\",\n                                        \"display\": \"Create succeeded.\"\n                                    }\n                                ]\n                            },\n                            \"diagnostics\": \"Successfully created resource \\\"Patient/8/_history/1\\\". Took 3ms.\"\n                        }\n                    ]\n                }\n            }\n        },\n        {\n            \"response\": {\n                \"status\": \"201 Created\",\n                \"location\": \"Patient/9/_history/1\",\n                \"etag\": \"1\",\n                \"lastModified\": \"2024-07-18T00:30:50.369+00:00\",\n                \"outcome\": {\n                    \"resourceType\": \"OperationOutcome\",\n                    \"issue\": [\n                        {\n                            \"severity\": \"information\",\n                            \"code\": \"informational\",\n                            \"details\": {\n                                \"coding\": [\n                                    {\n                                        \"system\": \"https://hapifhir.io/fhir/CodeSystem/hapi-fhir-storage-response-code\",\n                                        \"code\": \"SUCCESSFUL_CREATE\",\n                                        \"display\": \"Create succeeded.\"\n                                    }\n                                ]\n                            },\n                            \"diagnostics\": \"Successfully created resource \\\"Patient/9/_history/1\\\". Took 3ms.\"\n                        }\n                    ]\n                }\n            }\n        },\n        {\n            \"response\": {\n                \"status\": \"201 Created\",\n                \"location\": \"Patient/10/_history/1\",\n                \"etag\": \"1\",\n                \"lastModified\": \"2024-07-18T00:30:50.369+00:00\",\n                \"outcome\": {\n                    \"resourceType\": \"OperationOutcome\",\n                    \"issue\": [\n                        {\n                            \"severity\": \"information\",\n                            \"code\": \"informational\",\n                            \"details\": {\n                                \"coding\": [\n                                    {\n                                        \"system\": \"https://hapifhir.io/fhir/CodeSystem/hapi-fhir-storage-response-code\",\n                                        \"code\": \"SUCCESSFUL_CREATE\",\n                                        \"display\": \"Create succeeded.\"\n                                    }\n                                ]\n                            },\n                            \"diagnostics\": \"Successfully created resource \\\"Patient/10/_history/1\\\". Took 2ms.\"\n                        }\n                    ]\n                }\n            }\n        },\n        {\n            \"response\": {\n                \"status\": \"201 Created\",\n                \"location\": \"Patient/11/_history/1\",\n                \"etag\": \"1\",\n                \"lastModified\": \"2024-07-18T00:30:50.369+00:00\",\n                \"outcome\": {\n                    \"resourceType\": \"OperationOutcome\",\n                    \"issue\": [\n                        {\n                            \"severity\": \"information\",\n                            \"code\": \"informational\",\n                            \"details\": {\n                                \"coding\": [\n                                    {\n                                        \"system\": \"https://hapifhir.io/fhir/CodeSystem/hapi-fhir-storage-response-code\",\n                                        \"code\": \"SUCCESSFUL_CREATE\",\n                                        \"display\": \"Create succeeded.\"\n                                    }\n                                ]\n                            },\n                            \"diagnostics\": \"Successfully created resource \\\"Patient/11/_history/1\\\". Took 3ms.\"\n                        }\n                    ]\n                }\n            }\n        },\n        {\n            \"response\": {\n                \"status\": \"201 Created\",\n                \"location\": \"Patient/12/_history/1\",\n                \"etag\": \"1\",\n                \"lastModified\": \"2024-07-18T00:30:50.369+00:00\",\n                \"outcome\": {\n                    \"resourceType\": \"OperationOutcome\",\n                    \"issue\": [\n                        {\n                            \"severity\": \"information\",\n                            \"code\": \"informational\",\n                            \"details\": {\n                                \"coding\": [\n                                    {\n                                        \"system\": \"https://hapifhir.io/fhir/CodeSystem/hapi-fhir-storage-response-code\",\n                                        \"code\": \"SUCCESSFUL_CREATE\",\n                                        \"display\": \"Create succeeded.\"\n                                    }\n                                ]\n                            },\n                            \"diagnostics\": \"Successfully created resource \\\"Patient/12/_history/1\\\". Took 2ms.\"\n                        }\n                    ]\n                }\n            }\n        },\n        {\n            \"response\": {\n                \"status\": \"201 Created\",\n                \"location\": \"Patient/13/_history/1\",\n                \"etag\": \"1\",\n                \"lastModified\": \"2024-07-18T00:30:50.369+00:00\",\n                \"outcome\": {\n                    \"resourceType\": \"OperationOutcome\",\n                    \"issue\": [\n                        {\n                            \"severity\": \"information\",\n                            \"code\": \"informational\",\n                            \"details\": {\n                                \"coding\": [\n                                    {\n                                        \"system\": \"https://hapifhir.io/fhir/CodeSystem/hapi-fhir-storage-response-code\",\n                                        \"code\": \"SUCCESSFUL_CREATE\",\n                                        \"display\": \"Create succeeded.\"\n                                    }\n                                ]\n                            },\n                            \"diagnostics\": \"Successfully created resource \\\"Patient/13/_history/1\\\". Took 2ms.\"\n                        }\n                    ]\n                }\n            }\n        },\n        {\n            \"response\": {\n                \"status\": \"201 Created\",\n                \"location\": \"Patient/14/_history/1\",\n                \"etag\": \"1\",\n                \"lastModified\": \"2024-07-18T00:30:50.369+00:00\",\n                \"outcome\": {\n                    \"resourceType\": \"OperationOutcome\",\n                    \"issue\": [\n                        {\n                            \"severity\": \"information\",\n                            \"code\": \"informational\",\n                            \"details\": {\n                                \"coding\": [\n                                    {\n                                        \"system\": \"https://hapifhir.io/fhir/CodeSystem/hapi-fhir-storage-response-code\",\n                                        \"code\": \"SUCCESSFUL_CREATE\",\n                                        \"display\": \"Create succeeded.\"\n                                    }\n                                ]\n                            },\n                            \"diagnostics\": \"Successfully created resource \\\"Patient/14/_history/1\\\". Took 2ms.\"\n                        }\n                    ]\n                }\n            }\n        },\n        {\n            \"response\": {\n                \"status\": \"201 Created\",\n                \"location\": \"Patient/15/_history/1\",\n                \"etag\": \"1\",\n                \"lastModified\": \"2024-07-18T00:30:50.369+00:00\",\n                \"outcome\": {\n                    \"resourceType\": \"OperationOutcome\",\n                    \"issue\": [\n                        {\n                            \"severity\": \"information\",\n                            \"code\": \"informational\",\n                            \"details\": {\n                                \"coding\": [\n                                    {\n                                        \"system\": \"https://hapifhir.io/fhir/CodeSystem/hapi-fhir-storage-response-code\",\n                                        \"code\": \"SUCCESSFUL_CREATE\",\n                                        \"display\": \"Create succeeded.\"\n                                    }\n                                ]\n                            },\n                            \"diagnostics\": \"Successfully created resource \\\"Patient/15/_history/1\\\". Took 2ms.\"\n                        }\n                    ]\n                }\n            }\n        },\n        {\n            \"response\": {\n                \"status\": \"201 Created\",\n                \"location\": \"Patient/16/_history/1\",\n                \"etag\": \"1\",\n                \"lastModified\": \"2024-07-18T00:30:50.369+00:00\",\n                \"outcome\": {\n                    \"resourceType\": \"OperationOutcome\",\n                    \"issue\": [\n                        {\n                            \"severity\": \"information\",\n                            \"code\": \"informational\",\n                            \"details\": {\n                                \"coding\": [\n                                    {\n                                        \"system\": \"https://hapifhir.io/fhir/CodeSystem/hapi-fhir-storage-response-code\",\n                                        \"code\": \"SUCCESSFUL_CREATE\",\n                                        \"display\": \"Create succeeded.\"\n                                    }\n                                ]\n                            },\n                            \"diagnostics\": \"Successfully created resource \\\"Patient/16/_history/1\\\". Took 2ms.\"\n                        }\n                    ]\n                }\n            }\n        },\n        {\n            \"response\": {\n                \"status\": \"201 Created\",\n                \"location\": \"Patient/17/_history/1\",\n                \"etag\": \"1\",\n                \"lastModified\": \"2024-07-18T00:30:50.369+00:00\",\n                \"outcome\": {\n                    \"resourceType\": \"OperationOutcome\",\n                    \"issue\": [\n                        {\n                            \"severity\": \"information\",\n                            \"code\": \"informational\",\n                            \"details\": {\n                                \"coding\": [\n                                    {\n                                        \"system\": \"https://hapifhir.io/fhir/CodeSystem/hapi-fhir-storage-response-code\",\n                                        \"code\": \"SUCCESSFUL_CREATE\",\n                                        \"display\": \"Create succeeded.\"\n                                    }\n                                ]\n                            },\n                            \"diagnostics\": \"Successfully created resource \\\"Patient/17/_history/1\\\". Took 2ms.\"\n                        }\n                    ]\n                }\n            }\n        },\n        {\n            \"response\": {\n                \"status\": \"201 Created\",\n                \"location\": \"Patient/18/_history/1\",\n                \"etag\": \"1\",\n                \"lastModified\": \"2024-07-18T00:30:50.369+00:00\",\n                \"outcome\": {\n                    \"resourceType\": \"OperationOutcome\",\n                    \"issue\": [\n                        {\n                            \"severity\": \"information\",\n                            \"code\": \"informational\",\n                            \"details\": {\n                                \"coding\": [\n                                    {\n                                        \"system\": \"https://hapifhir.io/fhir/CodeSystem/hapi-fhir-storage-response-code\",\n                                        \"code\": \"SUCCESSFUL_CREATE\",\n                                        \"display\": \"Create succeeded.\"\n                                    }\n                                ]\n                            },\n                            \"diagnostics\": \"Successfully created resource \\\"Patient/18/_history/1\\\". Took 2ms.\"\n                        }\n                    ]\n                }\n            }\n        },\n        {\n            \"response\": {\n                \"status\": \"201 Created\",\n                \"location\": \"Patient/19/_history/1\",\n                \"etag\": \"1\",\n                \"lastModified\": \"2024-07-18T00:30:50.369+00:00\",\n                \"outcome\": {\n                    \"resourceType\": \"OperationOutcome\",\n                    \"issue\": [\n                        {\n                            \"severity\": \"information\",\n                            \"code\": \"informational\",\n                            \"details\": {\n                                \"coding\": [\n                                    {\n                                        \"system\": \"https://hapifhir.io/fhir/CodeSystem/hapi-fhir-storage-response-code\",\n                                        \"code\": \"SUCCESSFUL_CREATE\",\n                                        \"display\": \"Create succeeded.\"\n                                    }\n                                ]\n                            },\n                            \"diagnostics\": \"Successfully created resource \\\"Patient/19/_history/1\\\". Took 2ms.\"\n                        }\n                    ]\n                }\n            }\n        },\n        {\n            \"response\": {\n                \"status\": \"201 Created\",\n                \"location\": \"Patient/20/_history/1\",\n                \"etag\": \"1\",\n                \"lastModified\": \"2024-07-18T00:30:50.369+00:00\",\n                \"outcome\": {\n                    \"resourceType\": \"OperationOutcome\",\n                    \"issue\": [\n                        {\n                            \"severity\": \"information\",\n                            \"code\": \"informational\",\n                            \"details\": {\n                                \"coding\": [\n                                    {\n                                        \"system\": \"https://hapifhir.io/fhir/CodeSystem/hapi-fhir-storage-response-code\",\n                                        \"code\": \"SUCCESSFUL_CREATE\",\n                                        \"display\": \"Create succeeded.\"\n                                    }\n                                ]\n                            },\n                            \"diagnostics\": \"Successfully created resource \\\"Patient/20/_history/1\\\". Took 2ms.\"\n                        }\n                    ]\n                }\n            }\n        },\n        {\n            \"response\": {\n                \"status\": \"201 Created\",\n                \"location\": \"Patient/21/_history/1\",\n                \"etag\": \"1\",\n                \"lastModified\": \"2024-07-18T00:30:50.369+00:00\",\n                \"outcome\": {\n                    \"resourceType\": \"OperationOutcome\",\n                    \"issue\": [\n                        {\n                            \"severity\": \"information\",\n                            \"code\": \"informational\",\n                            \"details\": {\n                                \"coding\": [\n                                    {\n                                        \"system\": \"https://hapifhir.io/fhir/CodeSystem/hapi-fhir-storage-response-code\",\n                                        \"code\": \"SUCCESSFUL_CREATE\",\n                                        \"display\": \"Create succeeded.\"\n                                    }\n                                ]\n                            },\n                            \"diagnostics\": \"Successfully created resource \\\"Patient/21/_history/1\\\". Took 3ms.\"\n                        }\n                    ]\n                }\n            }\n        },\n        {\n            \"response\": {\n                \"status\": \"201 Created\",\n                \"location\": \"Patient/22/_history/1\",\n                \"etag\": \"1\",\n                \"lastModified\": \"2024-07-18T00:30:50.369+00:00\",\n                \"outcome\": {\n                    \"resourceType\": \"OperationOutcome\",\n                    \"issue\": [\n                        {\n                            \"severity\": \"information\",\n                            \"code\": \"informational\",\n                            \"details\": {\n                                \"coding\": [\n                                    {\n                                        \"system\": \"https://hapifhir.io/fhir/CodeSystem/hapi-fhir-storage-response-code\",\n                                        \"code\": \"SUCCESSFUL_CREATE\",\n                                        \"display\": \"Create succeeded.\"\n                                    }\n                                ]\n                            },\n                            \"diagnostics\": \"Successfully created resource \\\"Patient/22/_history/1\\\". Took 1ms.\"\n                        }\n                    ]\n                }\n            }\n        },\n        {\n            \"response\": {\n                \"status\": \"201 Created\",\n                \"location\": \"Patient/23/_history/1\",\n                \"etag\": \"1\",\n                \"lastModified\": \"2024-07-18T00:30:50.369+00:00\",\n                \"outcome\": {\n                    \"resourceType\": \"OperationOutcome\",\n                    \"issue\": [\n                        {\n                            \"severity\": \"information\",\n                            \"code\": \"informational\",\n                            \"details\": {\n                                \"coding\": [\n                                    {\n                                        \"system\": \"https://hapifhir.io/fhir/CodeSystem/hapi-fhir-storage-response-code\",\n                                        \"code\": \"SUCCESSFUL_CREATE\",\n                                        \"display\": \"Create succeeded.\"\n                                    }\n                                ]\n                            },\n                            \"diagnostics\": \"Successfully created resource \\\"Patient/23/_history/1\\\". Took 2ms.\"\n                        }\n                    ]\n                }\n            }\n        },\n        {\n            \"response\": {\n                \"status\": \"201 Created\",\n                \"location\": \"Patient/24/_history/1\",\n                \"etag\": \"1\",\n                \"lastModified\": \"2024-07-18T00:30:50.369+00:00\",\n                \"outcome\": {\n                    \"resourceType\": \"OperationOutcome\",\n                    \"issue\": [\n                        {\n                            \"severity\": \"information\",\n                            \"code\": \"informational\",\n                            \"details\": {\n                                \"coding\": [\n                                    {\n                                        \"system\": \"https://hapifhir.io/fhir/CodeSystem/hapi-fhir-storage-response-code\",\n                                        \"code\": \"SUCCESSFUL_CREATE\",\n                                        \"display\": \"Create succeeded.\"\n                                    }\n                                ]\n                            },\n                            \"diagnostics\": \"Successfully created resource \\\"Patient/24/_history/1\\\". Took 2ms.\"\n                        }\n                    ]\n                }\n            }\n        },\n        {\n            \"response\": {\n                \"status\": \"201 Created\",\n                \"location\": \"Patient/25/_history/1\",\n                \"etag\": \"1\",\n                \"lastModified\": \"2024-07-18T00:30:50.369+00:00\",\n                \"outcome\": {\n                    \"resourceType\": \"OperationOutcome\",\n                    \"issue\": [\n                        {\n                            \"severity\": \"information\",\n                            \"code\": \"informational\",\n                            \"details\": {\n                                \"coding\": [\n                                    {\n                                        \"system\": \"https://hapifhir.io/fhir/CodeSystem/hapi-fhir-storage-response-code\",\n                                        \"code\": \"SUCCESSFUL_CREATE\",\n                                        \"display\": \"Create succeeded.\"\n                                    }\n                                ]\n                            },\n                            \"diagnostics\": \"Successfully created resource \\\"Patient/25/_history/1\\\". Took 1ms.\"\n                        }\n                    ]\n                }\n            }\n        },\n        {\n            \"response\": {\n                \"status\": \"201 Created\",\n                \"location\": \"Patient/26/_history/1\",\n                \"etag\": \"1\",\n                \"lastModified\": \"2024-07-18T00:30:50.369+00:00\",\n                \"outcome\": {\n                    \"resourceType\": \"OperationOutcome\",\n                    \"issue\": [\n                        {\n                            \"severity\": \"information\",\n                            \"code\": \"informational\",\n                            \"details\": {\n                                \"coding\": [\n                                    {\n                                        \"system\": \"https://hapifhir.io/fhir/CodeSystem/hapi-fhir-storage-response-code\",\n                                        \"code\": \"SUCCESSFUL_CREATE\",\n                                        \"display\": \"Create succeeded.\"\n                                    }\n                                ]\n                            },\n                            \"diagnostics\": \"Successfully created resource \\\"Patient/26/_history/1\\\". Took 1ms.\"\n                        }\n                    ]\n                }\n            }\n        },\n        {\n            \"response\": {\n                \"status\": \"201 Created\",\n                \"location\": \"Patient/27/_history/1\",\n                \"etag\": \"1\",\n                \"lastModified\": \"2024-07-18T00:30:50.369+00:00\",\n                \"outcome\": {\n                    \"resourceType\": \"OperationOutcome\",\n                    \"issue\": [\n                        {\n                            \"severity\": \"information\",\n                            \"code\": \"informational\",\n                            \"details\": {\n                                \"coding\": [\n                                    {\n                                        \"system\": \"https://hapifhir.io/fhir/CodeSystem/hapi-fhir-storage-response-code\",\n                                        \"code\": \"SUCCESSFUL_CREATE\",\n                                        \"display\": \"Create succeeded.\"\n                                    }\n                                ]\n                            },\n                            \"diagnostics\": \"Successfully created resource \\\"Patient/27/_history/1\\\". Took 2ms.\"\n                        }\n                    ]\n                }\n            }\n        }\n    ]\n}"
				}
			]
		}
	]
}